episode,return,steps,success,illegal,efficiency,illegal_ratio
0,-614.0,200,0,46,0.06,0.23
1,-506.0,200,0,34,0.06,0.17
2,-533.0,200,0,37,0.06,0.185
3,-560.0,200,0,40,0.06,0.2
4,-515.0,200,0,35,0.06,0.175
5,-515.0,200,0,35,0.06,0.175
6,-560.0,200,0,40,0.06,0.2
7,-542.0,200,0,38,0.06,0.19
8,-569.0,200,0,41,0.06,0.205
9,-551.0,200,0,39,0.06,0.195
10,-425.0,200,0,25,0.06,0.125
11,-497.0,200,0,33,0.06,0.165
12,-560.0,200,0,40,0.06,0.2
13,-569.0,200,0,41,0.06,0.205
14,-560.0,200,0,40,0.06,0.2
15,-578.0,200,0,42,0.06,0.21
16,-470.0,200,0,30,0.06,0.15
17,-632.0,200,0,48,0.06,0.24
18,-470.0,200,0,30,0.06,0.15
19,-542.0,200,0,38,0.06,0.19
20,-443.0,200,0,27,0.06,0.135
21,-605.0,200,0,45,0.06,0.225
22,-569.0,200,0,41,0.06,0.205
23,-542.0,200,0,38,0.06,0.19
24,-506.0,200,0,34,0.06,0.17
25,-587.0,200,0,43,0.06,0.215
26,-271.0,103,1,21,0.11650485436893204,0.20388349514563106
27,-569.0,200,0,41,0.06,0.205
28,-425.0,200,0,25,0.06,0.125
29,-551.0,200,0,39,0.06,0.195
30,-560.0,200,0,40,0.06,0.2
31,-560.0,200,0,40,0.06,0.2
32,-506.0,200,0,34,0.06,0.17
33,-497.0,200,0,33,0.06,0.165
34,-578.0,200,0,42,0.06,0.21
35,-524.0,200,0,36,0.06,0.18
36,-605.0,200,0,45,0.06,0.225
37,-569.0,200,0,41,0.06,0.205
38,-551.0,200,0,39,0.06,0.195
39,-605.0,200,0,45,0.06,0.225
40,-632.0,200,0,48,0.06,0.24
41,-551.0,200,0,39,0.06,0.195
42,-497.0,200,0,33,0.06,0.165
43,-551.0,200,0,39,0.06,0.195
44,-308.0,200,0,12,0.06,0.06
45,-596.0,200,0,44,0.06,0.22
46,-102.0,42,1,9,0.2857142857142857,0.21428571428571427
47,-497.0,200,0,33,0.06,0.165
48,-353.0,200,0,17,0.06,0.085
49,-515.0,200,0,35,0.06,0.175
50,-416.0,200,0,24,0.06,0.12
51,-569.0,200,0,41,0.06,0.205
52,-542.0,200,0,38,0.06,0.19
53,-497.0,200,0,33,0.06,0.165
54,-578.0,200,0,42,0.06,0.21
55,-524.0,200,0,36,0.06,0.18
56,-407.0,200,0,23,0.06,0.115
57,-443.0,200,0,27,0.06,0.135
58,-524.0,200,0,36,0.06,0.18
59,-389.0,200,0,21,0.06,0.105
60,-524.0,200,0,36,0.06,0.18
61,-596.0,200,0,44,0.06,0.22
62,-299.0,200,0,11,0.06,0.055
63,-245.0,200,0,5,0.06,0.025
64,-299.0,200,0,11,0.06,0.055
65,-587.0,200,0,43,0.06,0.215
66,-416.0,200,0,24,0.06,0.12
67,-254.0,200,0,6,0.06,0.03
68,-218.0,200,0,2,0.06,0.01
69,-551.0,200,0,39,0.06,0.195
70,-479.0,200,0,31,0.06,0.155
71,-560.0,200,0,40,0.06,0.2
72,-542.0,200,0,38,0.06,0.19
73,-218.0,200,0,2,0.06,0.01
74,-470.0,200,0,30,0.06,0.15
75,-247.0,124,1,16,0.0967741935483871,0.12903225806451613
76,-488.0,200,0,32,0.06,0.16
77,-192.0,78,1,15,0.15384615384615385,0.19230769230769232
78,-263.0,200,0,7,0.06,0.035
79,-524.0,200,0,36,0.06,0.18
80,-542.0,200,0,38,0.06,0.19
81,-578.0,200,0,42,0.06,0.21
82,-254.0,200,0,6,0.06,0.03
83,-308.0,200,0,12,0.06,0.06
84,-263.0,200,0,7,0.06,0.035
85,-227.0,200,0,3,0.06,0.015
86,-524.0,200,0,36,0.06,0.18
87,-245.0,200,0,5,0.06,0.025
88,-218.0,200,0,2,0.06,0.01
89,-98.0,47,1,8,0.2553191489361702,0.1702127659574468
90,-227.0,200,0,3,0.06,0.015
91,-272.0,200,0,8,0.06,0.04
92,-398.0,200,0,22,0.06,0.11
93,-551.0,200,0,39,0.06,0.195
94,-290.0,200,0,10,0.06,0.05
95,-284.0,98,1,23,0.12244897959183673,0.23469387755102042
96,-263.0,200,0,7,0.06,0.035
97,-587.0,200,0,43,0.06,0.215
98,-371.0,200,0,19,0.06,0.095
99,-245.0,200,0,5,0.06,0.025
100,-183.0,168,1,4,0.07142857142857142,0.023809523809523808
101,-236.0,200,0,4,0.06,0.02
102,-569.0,200,0,41,0.06,0.205
103,-179.0,119,1,9,0.10084033613445378,0.07563025210084033
104,-317.0,200,0,13,0.06,0.065
105,-272.0,200,0,8,0.06,0.04
106,-254.0,200,0,6,0.06,0.03
107,-218.0,200,0,2,0.06,0.01
108,-88.0,64,1,5,0.1875,0.078125
109,-227.0,200,0,3,0.06,0.015
110,-434.0,200,0,26,0.06,0.13
111,-236.0,200,0,4,0.06,0.02
112,-227.0,200,0,3,0.06,0.015
113,-308.0,200,0,12,0.06,0.06
114,-434.0,200,0,26,0.06,0.13
115,-236.0,200,0,4,0.06,0.02
116,-434.0,200,0,26,0.06,0.13
117,-398.0,200,0,22,0.06,0.11
118,-263.0,200,0,7,0.06,0.035
119,-263.0,200,0,7,0.06,0.035
120,-245.0,200,0,5,0.06,0.025
121,-218.0,200,0,2,0.06,0.01
122,-299.0,200,0,11,0.06,0.055
123,-184.0,142,1,7,0.08450704225352113,0.04929577464788732
124,-200.0,200,0,0,0.06,0.0
125,-218.0,200,0,2,0.06,0.01
126,-288.0,192,1,13,0.0625,0.06770833333333333
127,-308.0,185,1,16,0.06486486486486487,0.08648648648648649
128,-272.0,200,0,8,0.06,0.04
129,-209.0,200,0,1,0.06,0.005
130,-209.0,200,0,1,0.06,0.005
131,-254.0,200,0,6,0.06,0.03
132,-254.0,200,0,6,0.06,0.03
133,-236.0,200,0,4,0.06,0.02
134,-281.0,200,0,9,0.06,0.045
135,-254.0,200,0,6,0.06,0.03
136,-245.0,200,0,5,0.06,0.025
137,-272.0,200,0,8,0.06,0.04
138,-254.0,200,0,6,0.06,0.03
139,-245.0,200,0,5,0.06,0.025
140,-254.0,200,0,6,0.06,0.03
141,-227.0,200,0,3,0.06,0.015
142,-326.0,200,0,14,0.06,0.07
143,-477.0,192,1,34,0.0625,0.17708333333333334
144,-218.0,200,0,2,0.06,0.01
145,-218.0,200,0,2,0.06,0.01
146,-69.0,90,1,0,0.13333333333333333,0.0
147,-353.0,200,0,17,0.06,0.085
148,-218.0,200,0,2,0.06,0.01
149,-254.0,200,0,6,0.06,0.03
150,-180.0,75,1,14,0.16,0.18666666666666668
151,-209.0,200,0,1,0.06,0.005
152,-156.0,168,1,1,0.07142857142857142,0.005952380952380952
153,-245.0,200,0,5,0.06,0.025
154,-209.0,200,0,1,0.06,0.005
155,-236.0,200,0,4,0.06,0.02
156,-254.0,200,0,6,0.06,0.03
157,-127.0,139,1,1,0.08633093525179857,0.007194244604316547
158,-227.0,200,0,3,0.06,0.015
159,-117.0,102,1,4,0.11764705882352941,0.0392156862745098
160,-236.0,200,0,4,0.06,0.02
161,-236.0,200,0,4,0.06,0.02
162,-218.0,200,0,2,0.06,0.01
163,-209.0,200,0,1,0.06,0.005
164,-181.0,157,1,5,0.07643312101910828,0.03184713375796178
165,-200.0,200,0,0,0.06,0.0
166,-344.0,200,0,16,0.06,0.08
167,-218.0,200,0,2,0.06,0.01
168,-79.0,64,1,4,0.1875,0.0625
169,-236.0,200,0,4,0.06,0.02
170,-218.0,200,0,2,0.06,0.01
171,-263.0,200,0,7,0.06,0.035
172,-209.0,200,0,1,0.06,0.005
173,-227.0,200,0,3,0.06,0.015
174,-200.0,200,0,0,0.06,0.0
175,-209.0,200,0,1,0.06,0.005
176,-209.0,200,0,1,0.06,0.005
177,-218.0,200,0,2,0.06,0.01
178,-218.0,200,0,2,0.06,0.01
179,-218.0,200,0,2,0.06,0.01
180,-92.0,32,1,9,0.375,0.28125
181,-227.0,200,0,3,0.06,0.015
182,-200.0,200,0,0,0.06,0.0
183,-206.0,155,1,8,0.07741935483870968,0.05161290322580645
184,-200.0,200,0,0,0.06,0.0
185,-236.0,200,0,4,0.06,0.02
186,-227.0,200,0,3,0.06,0.015
187,-137.0,68,1,10,0.17647058823529413,0.14705882352941177
188,-51.0,36,1,4,0.3333333333333333,0.1111111111111111
189,-227.0,200,0,3,0.06,0.015
190,-95.0,53,1,7,0.22641509433962265,0.1320754716981132
191,-236.0,200,0,4,0.06,0.02
192,-218.0,200,0,2,0.06,0.01
193,-290.0,200,0,10,0.06,0.05
194,-227.0,200,0,3,0.06,0.015
195,-227.0,200,0,3,0.06,0.015
196,-218.0,200,0,2,0.06,0.01
197,-218.0,200,0,2,0.06,0.01
198,-344.0,200,0,16,0.06,0.08
199,-46.0,40,1,3,0.3,0.075
200,-209.0,200,0,1,0.06,0.005
201,-206.0,200,1,3,0.06,0.015
202,-213.0,198,1,4,0.06060606060606061,0.020202020202020204
203,-158.0,161,1,2,0.07453416149068323,0.012422360248447204
204,-254.0,200,0,6,0.06,0.03
205,-218.0,200,0,2,0.06,0.01
206,-263.0,200,0,7,0.06,0.035
207,-245.0,200,0,5,0.06,0.025
208,-227.0,200,0,3,0.06,0.015
209,-236.0,200,0,4,0.06,0.02
210,-218.0,200,0,2,0.06,0.01
211,-227.0,200,0,3,0.06,0.015
212,-40.0,61,1,0,0.19672131147540983,0.0
213,-209.0,200,0,1,0.06,0.005
214,-245.0,200,0,5,0.06,0.025
215,-200.0,200,0,0,0.06,0.0
216,-254.0,200,0,6,0.06,0.03
217,-236.0,200,0,4,0.06,0.02
218,-227.0,200,0,3,0.06,0.015
219,-200.0,200,0,0,0.06,0.0
220,-227.0,200,0,3,0.06,0.015
221,-227.0,200,0,3,0.06,0.015
222,-200.0,200,0,0,0.06,0.0
223,-209.0,200,0,1,0.06,0.005
224,-115.0,118,1,2,0.1016949152542373,0.01694915254237288
225,-218.0,200,0,2,0.06,0.01
226,-200.0,200,0,0,0.06,0.0
227,-236.0,200,0,4,0.06,0.02
228,-209.0,200,0,1,0.06,0.005
229,-245.0,200,0,5,0.06,0.025
230,-200.0,200,0,0,0.06,0.0
231,-150.0,153,1,2,0.0784313725490196,0.013071895424836602
232,-209.0,200,0,1,0.06,0.005
233,-236.0,200,0,4,0.06,0.02
234,-58.0,70,1,1,0.17142857142857143,0.014285714285714285
235,-134.0,146,1,1,0.0821917808219178,0.00684931506849315
236,-193.0,196,1,2,0.061224489795918366,0.01020408163265306
237,-218.0,200,0,2,0.06,0.01
238,-236.0,200,0,4,0.06,0.02
239,-236.0,200,0,4,0.06,0.02
240,-200.0,200,0,0,0.06,0.0
241,-227.0,200,0,3,0.06,0.015
242,-245.0,200,0,5,0.06,0.025
243,-94.0,97,1,2,0.12371134020618557,0.020618556701030927
244,-103.0,88,1,4,0.13636363636363635,0.045454545454545456
245,-344.0,200,0,16,0.06,0.08
246,-236.0,200,0,4,0.06,0.02
247,-236.0,200,0,4,0.06,0.02
248,-227.0,200,0,3,0.06,0.015
249,-218.0,200,0,2,0.06,0.01
250,-353.0,200,0,17,0.06,0.085
251,-227.0,200,0,3,0.06,0.015
252,-218.0,200,0,2,0.06,0.01
253,-209.0,200,0,1,0.06,0.005
254,-218.0,200,0,2,0.06,0.01
255,-209.0,200,0,1,0.06,0.005
256,-227.0,200,0,3,0.06,0.015
257,-200.0,200,0,0,0.06,0.0
258,-227.0,200,0,3,0.06,0.015
259,-200.0,200,0,0,0.06,0.0
260,-218.0,200,0,2,0.06,0.01
261,-209.0,200,0,1,0.06,0.005
262,-209.0,200,0,1,0.06,0.005
263,-236.0,200,0,4,0.06,0.02
264,-245.0,200,0,5,0.06,0.025
265,-326.0,200,0,14,0.06,0.07
266,-227.0,200,0,3,0.06,0.015
267,-209.0,200,0,1,0.06,0.005
268,-227.0,200,0,3,0.06,0.015
269,-371.0,200,0,19,0.06,0.095
270,-236.0,200,0,4,0.06,0.02
271,-380.0,200,0,20,0.06,0.1
272,-218.0,200,0,2,0.06,0.01
273,-218.0,200,0,2,0.06,0.01
274,-40.0,61,1,0,0.19672131147540983,0.0
275,-263.0,200,0,7,0.06,0.035
276,-299.0,200,0,11,0.06,0.055
277,-344.0,200,0,16,0.06,0.08
278,-344.0,200,0,16,0.06,0.08
279,-218.0,200,0,2,0.06,0.01
280,-254.0,200,0,6,0.06,0.03
281,-77.0,89,1,1,0.1348314606741573,0.011235955056179775
282,-104.0,98,1,3,0.12244897959183673,0.030612244897959183
283,-272.0,200,0,8,0.06,0.04
284,-218.0,200,0,2,0.06,0.01
285,-209.0,200,0,1,0.06,0.005
286,-165.0,177,1,1,0.06779661016949153,0.005649717514124294
287,-299.0,200,0,11,0.06,0.055
288,-236.0,200,0,4,0.06,0.02
289,-81.0,93,1,1,0.12903225806451613,0.010752688172043012
290,-452.0,200,0,28,0.06,0.14
291,-157.0,151,1,3,0.07947019867549669,0.019867549668874173
292,-245.0,200,0,5,0.06,0.025
293,-227.0,200,0,3,0.06,0.015
294,-196.0,163,1,6,0.0736196319018405,0.03680981595092025
295,-200.0,200,0,0,0.06,0.0
296,-31.0,52,1,0,0.23076923076923078,0.0
297,-371.0,200,0,19,0.06,0.095
298,-299.0,200,0,11,0.06,0.055
299,-362.0,200,0,18,0.06,0.09
300,-245.0,200,0,5,0.06,0.025
301,-389.0,200,0,21,0.06,0.105
302,-218.0,200,0,2,0.06,0.01
303,-227.0,200,0,3,0.06,0.015
304,-380.0,200,0,20,0.06,0.1
305,-281.0,200,0,9,0.06,0.045
306,-326.0,200,0,14,0.06,0.07
307,-126.0,138,1,1,0.08695652173913043,0.007246376811594203
308,-218.0,200,0,2,0.06,0.01
309,-167.0,179,1,1,0.0670391061452514,0.00558659217877095
310,-479.0,200,0,31,0.06,0.155
311,-443.0,200,0,27,0.06,0.135
312,-66.0,87,1,0,0.13793103448275862,0.0
313,-218.0,200,0,2,0.06,0.01
314,-416.0,200,0,24,0.06,0.12
315,-302.0,179,1,16,0.0670391061452514,0.0893854748603352
316,-227.0,200,0,3,0.06,0.015
317,-209.0,200,0,1,0.06,0.005
318,-218.0,200,0,2,0.06,0.01
319,-371.0,200,0,19,0.06,0.095
320,-488.0,200,0,32,0.06,0.16
321,-560.0,200,0,40,0.06,0.2
322,-434.0,200,0,26,0.06,0.13
323,-380.0,200,0,20,0.06,0.1
324,-457.0,181,1,33,0.06629834254143646,0.18232044198895028
325,-479.0,200,0,31,0.06,0.155
326,-281.0,200,0,9,0.06,0.045
327,-263.0,200,0,7,0.06,0.035
328,-425.0,200,0,25,0.06,0.125
329,-196.0,190,1,3,0.06315789473684211,0.015789473684210527
330,-77.0,71,1,3,0.16901408450704225,0.04225352112676056
331,-443.0,200,0,27,0.06,0.135
332,-438.0,189,1,30,0.06349206349206349,0.15873015873015872
333,-352.0,166,1,23,0.07228915662650602,0.13855421686746988
334,-281.0,200,0,9,0.06,0.045
335,-156.0,150,1,3,0.08,0.02
336,-488.0,200,0,32,0.06,0.16
337,-209.0,200,0,1,0.06,0.005
338,-344.0,200,0,16,0.06,0.08
339,-110.0,122,1,1,0.09836065573770492,0.00819672131147541
340,-344.0,200,0,16,0.06,0.08
341,-254.0,200,0,6,0.06,0.03
342,-236.0,200,0,4,0.06,0.02
343,-452.0,200,0,28,0.06,0.14
344,-272.0,200,0,8,0.06,0.04
345,-245.0,200,0,5,0.06,0.025
346,-308.0,200,0,12,0.06,0.06
347,-308.0,200,0,12,0.06,0.06
348,-578.0,200,0,42,0.06,0.21
349,-362.0,200,0,18,0.06,0.09
350,-272.0,200,0,8,0.06,0.04
351,-254.0,200,0,6,0.06,0.03
352,-5.0,26,1,0,0.46153846153846156,0.0
353,-272.0,200,0,8,0.06,0.04
354,-3.0,24,1,0,0.5,0.0
355,-261.0,174,1,12,0.06896551724137931,0.06896551724137931
356,-560.0,200,0,40,0.06,0.2
357,-434.0,200,0,26,0.06,0.13
358,-382.0,178,1,25,0.06741573033707865,0.1404494382022472
359,-144.0,120,1,5,0.1,0.041666666666666664
360,-353.0,200,0,17,0.06,0.085
361,-162.0,174,1,1,0.06896551724137931,0.005747126436781609
362,-236.0,200,0,4,0.06,0.02
363,-299.0,200,0,11,0.06,0.055
364,-110.0,113,1,2,0.10619469026548672,0.017699115044247787
365,-326.0,200,0,14,0.06,0.07
366,-344.0,200,0,16,0.06,0.08
367,-236.0,200,0,4,0.06,0.02
368,-371.0,200,0,19,0.06,0.095
369,-236.0,200,0,4,0.06,0.02
370,-335.0,200,0,15,0.06,0.075
371,-178.0,145,1,6,0.08275862068965517,0.041379310344827586
372,-32.0,44,1,1,0.2727272727272727,0.022727272727272728
373,-371.0,200,0,19,0.06,0.095
374,-95.0,89,1,3,0.1348314606741573,0.033707865168539325
375,-16.0,37,1,0,0.32432432432432434,0.0
376,-209.0,200,0,1,0.06,0.005
377,-245.0,200,0,5,0.06,0.025
378,-9.0,30,1,0,0.4,0.0
379,-281.0,200,0,9,0.06,0.045
380,-380.0,200,0,20,0.06,0.1
381,-200.0,200,0,0,0.06,0.0
382,-299.0,200,0,11,0.06,0.055
383,-614.0,200,0,46,0.06,0.23
384,-236.0,200,0,4,0.06,0.02
385,-560.0,200,0,40,0.06,0.2
386,-200.0,200,0,0,0.06,0.0
387,-20.0,41,1,0,0.2926829268292683,0.0
388,-452.0,200,0,28,0.06,0.14
389,-479.0,176,1,36,0.06818181818181818,0.20454545454545456
390,-266.0,179,1,12,0.0670391061452514,0.0670391061452514
391,-569.0,200,0,41,0.06,0.205
392,-122.0,125,1,2,0.096,0.016
393,-179.0,110,1,10,0.10909090909090909,0.09090909090909091
394,-209.0,200,0,1,0.06,0.005
395,-335.0,200,0,15,0.06,0.075
396,-39.0,42,1,2,0.2857142857142857,0.047619047619047616
397,-209.0,200,0,1,0.06,0.005
398,-194.0,188,1,3,0.06382978723404255,0.015957446808510637
399,-185.0,152,1,6,0.07894736842105263,0.039473684210526314
400,-124.0,91,1,6,0.13186813186813187,0.06593406593406594
401,-452.0,200,0,28,0.06,0.14
402,-196.0,172,1,5,0.06976744186046512,0.029069767441860465
403,-371.0,200,0,19,0.06,0.095
404,-227.0,200,0,3,0.06,0.015
405,-245.0,200,0,5,0.06,0.025
406,-218.0,200,0,2,0.06,0.01
407,-245.0,200,0,5,0.06,0.025
408,-227.0,200,0,3,0.06,0.015
409,-443.0,200,0,27,0.06,0.135
410,-209.0,200,0,1,0.06,0.005
411,-281.0,200,0,9,0.06,0.045
412,-209.0,200,0,1,0.06,0.005
413,-245.0,200,0,5,0.06,0.025
414,-407.0,200,0,23,0.06,0.115
415,-218.0,200,0,2,0.06,0.01
416,-209.0,200,0,1,0.06,0.005
417,-209.0,200,0,1,0.06,0.005
418,-254.0,200,0,6,0.06,0.03
419,-151.0,172,1,0,0.06976744186046512,0.0
420,-209.0,200,0,1,0.06,0.005
421,-174.0,132,1,7,0.09090909090909091,0.05303030303030303
422,-227.0,200,0,3,0.06,0.015
423,-218.0,200,0,2,0.06,0.01
424,-181.0,184,1,2,0.06521739130434782,0.010869565217391304
425,-218.0,200,0,2,0.06,0.01
426,-43.0,64,1,0,0.1875,0.0
427,-353.0,200,0,17,0.06,0.085
428,-28.0,49,1,0,0.24489795918367346,0.0
429,-200.0,200,0,0,0.06,0.0
430,-335.0,200,0,15,0.06,0.075
431,-245.0,200,0,5,0.06,0.025
432,-84.0,87,1,2,0.13793103448275862,0.022988505747126436
433,-204.0,144,1,9,0.08333333333333333,0.0625
434,-200.0,200,0,0,0.06,0.0
435,-254.0,200,0,6,0.06,0.03
436,-254.0,200,0,6,0.06,0.03
437,-233.0,164,1,10,0.07317073170731707,0.06097560975609756
438,-114.0,126,1,1,0.09523809523809523,0.007936507936507936
439,-111.0,96,1,4,0.125,0.041666666666666664
440,-218.0,200,0,2,0.06,0.01
441,-272.0,200,0,8,0.06,0.04
442,-281.0,200,0,9,0.06,0.045
443,-209.0,200,0,1,0.06,0.005
444,-272.0,200,0,8,0.06,0.04
445,-171.0,102,1,10,0.11764705882352941,0.09803921568627451
446,-70.0,82,1,1,0.14634146341463414,0.012195121951219513
447,-171.0,165,1,3,0.07272727272727272,0.01818181818181818
448,-209.0,200,0,1,0.06,0.005
449,-91.0,103,1,1,0.11650485436893204,0.009708737864077669
450,-263.0,200,0,7,0.06,0.035
451,-236.0,200,0,4,0.06,0.02
452,-200.0,200,0,0,0.06,0.0
453,-245.0,200,0,5,0.06,0.025
454,-221.0,197,1,5,0.06091370558375635,0.025380710659898477
455,-281.0,200,0,9,0.06,0.045
456,-243.0,120,1,16,0.1,0.13333333333333333
457,-170.0,173,1,2,0.06936416184971098,0.011560693641618497
458,-200.0,200,0,0,0.06,0.0
459,-443.0,200,0,27,0.06,0.135
460,-371.0,200,0,19,0.06,0.095
461,-227.0,200,0,3,0.06,0.015
462,-170.0,164,1,3,0.07317073170731707,0.018292682926829267
463,-214.0,199,1,4,0.06030150753768844,0.020100502512562814
464,-218.0,200,0,2,0.06,0.01
465,-209.0,200,0,1,0.06,0.005
466,-290.0,200,0,10,0.06,0.05
467,-281.0,200,0,9,0.06,0.045
468,-245.0,200,0,5,0.06,0.025
469,-209.0,200,0,1,0.06,0.005
470,9.0,12,1,0,1.0,0.0
471,-132.0,144,1,1,0.08333333333333333,0.006944444444444444
472,-209.0,200,0,1,0.06,0.005
473,-146.0,122,1,5,0.09836065573770492,0.040983606557377046
474,-114.0,108,1,3,0.1111111111111111,0.027777777777777776
475,-218.0,200,0,2,0.06,0.01
476,-200.0,200,0,0,0.06,0.0
477,-200.0,200,0,0,0.06,0.0
478,-162.0,129,1,6,0.09302325581395349,0.046511627906976744
479,-200.0,200,0,0,0.06,0.0
480,-227.0,200,0,3,0.06,0.015
481,-102.0,87,1,4,0.13793103448275862,0.04597701149425287
482,-218.0,200,0,2,0.06,0.01
483,-227.0,200,0,3,0.06,0.015
484,-66.0,60,1,3,0.2,0.05
485,-290.0,200,0,10,0.06,0.05
486,-107.0,110,1,2,0.10909090909090909,0.01818181818181818
487,-254.0,200,0,6,0.06,0.03
488,-209.0,200,0,1,0.06,0.005
489,-389.0,200,0,21,0.06,0.105
490,-200.0,200,0,0,0.06,0.0
491,-236.0,200,0,4,0.06,0.02
492,-227.0,200,0,3,0.06,0.015
493,-209.0,200,0,1,0.06,0.005
494,-28.0,40,1,1,0.3,0.025
495,-175.0,133,1,7,0.09022556390977443,0.05263157894736842
496,-209.0,200,0,1,0.06,0.005
497,-182.0,185,1,2,0.06486486486486487,0.010810810810810811
498,-180.0,183,1,2,0.06557377049180328,0.01092896174863388
499,-200.0,200,0,0,0.06,0.0
500,-104.0,107,1,2,0.11214953271028037,0.018691588785046728
501,-218.0,200,0,2,0.06,0.01
502,-99.0,111,1,1,0.10810810810810811,0.009009009009009009
503,-48.0,60,1,1,0.2,0.016666666666666666
504,-159.0,153,1,3,0.0784313725490196,0.0196078431372549
505,-398.0,200,0,22,0.06,0.11
506,-218.0,200,0,2,0.06,0.01
507,-263.0,200,0,7,0.06,0.035
508,-100.0,121,1,0,0.09917355371900827,0.0
509,-137.0,149,1,1,0.08053691275167785,0.006711409395973154
510,-227.0,200,0,3,0.06,0.015
511,-218.0,200,0,2,0.06,0.01
512,-236.0,200,0,4,0.06,0.02
513,-174.0,150,1,5,0.08,0.03333333333333333
514,-138.0,87,1,8,0.13793103448275862,0.09195402298850575
515,-173.0,176,1,2,0.06818181818181818,0.011363636363636364
516,-200.0,200,0,0,0.06,0.0
517,-170.0,182,1,1,0.06593406593406594,0.005494505494505495
518,-290.0,200,0,10,0.06,0.05
519,-62.0,65,1,2,0.18461538461538463,0.03076923076923077
520,-78.0,63,1,4,0.19047619047619047,0.06349206349206349
521,-290.0,200,0,10,0.06,0.05
522,-22.0,43,1,0,0.27906976744186046,0.0
523,-182.0,158,1,5,0.0759493670886076,0.03164556962025317
524,-238.0,178,1,9,0.06741573033707865,0.05056179775280899
525,-211.0,187,1,5,0.06417112299465241,0.026737967914438502
526,-200.0,200,0,0,0.06,0.0
527,-200.0,200,0,0,0.06,0.0
528,-200.0,200,0,0,0.06,0.0
529,-236.0,200,0,4,0.06,0.02
530,-209.0,200,0,1,0.06,0.005
531,-227.0,200,0,3,0.06,0.015
532,-281.0,200,0,9,0.06,0.045
533,-22.0,43,1,0,0.27906976744186046,0.0
534,-129.0,141,1,1,0.0851063829787234,0.0070921985815602835
535,-236.0,200,0,4,0.06,0.02
536,-112.0,133,1,0,0.09022556390977443,0.0
537,-299.0,200,0,11,0.06,0.055
538,9.0,12,1,0,1.0,0.0
539,-90.0,93,1,2,0.12903225806451613,0.021505376344086023
540,-205.0,190,1,4,0.06315789473684211,0.021052631578947368
541,-187.0,190,1,2,0.06315789473684211,0.010526315789473684
542,-209.0,200,0,1,0.06,0.005
543,-245.0,200,0,5,0.06,0.025
544,-209.0,200,0,1,0.06,0.005
545,-140.0,116,1,5,0.10344827586206896,0.04310344827586207
546,-122.0,143,1,0,0.08391608391608392,0.0
547,-105.0,108,1,2,0.1111111111111111,0.018518518518518517
548,-132.0,99,1,6,0.12121212121212122,0.06060606060606061
549,-524.0,200,0,36,0.06,0.18
550,-254.0,200,0,6,0.06,0.03
551,-245.0,200,0,5,0.06,0.025
552,-209.0,200,0,1,0.06,0.005
553,-209.0,200,0,1,0.06,0.005
554,-144.0,111,1,6,0.10810810810810811,0.05405405405405406
555,-81.0,75,1,3,0.16,0.04
556,-296.0,191,1,14,0.06282722513089005,0.07329842931937172
557,-245.0,200,0,5,0.06,0.025
558,-200.0,200,0,0,0.06,0.0
559,-109.0,103,1,3,0.11650485436893204,0.02912621359223301
560,-308.0,200,0,12,0.06,0.06
561,-330.0,198,1,17,0.06060606060606061,0.08585858585858586
562,-497.0,200,0,33,0.06,0.165
563,-190.0,166,1,5,0.07228915662650602,0.030120481927710843
564,-160.0,145,1,4,0.08275862068965517,0.027586206896551724
565,-51.0,72,1,0,0.16666666666666666,0.0
566,-61.0,55,1,3,0.21818181818181817,0.05454545454545454
567,-236.0,200,0,4,0.06,0.02
568,-227.0,200,0,3,0.06,0.015
569,-190.0,175,1,4,0.06857142857142857,0.022857142857142857
570,-335.0,200,0,15,0.06,0.075
571,-353.0,200,0,17,0.06,0.085
572,-578.0,200,0,42,0.06,0.21
573,-138.0,141,1,2,0.0851063829787234,0.014184397163120567
574,-470.0,200,0,30,0.06,0.15
575,-245.0,200,0,5,0.06,0.025
576,-75.0,69,1,3,0.17391304347826086,0.043478260869565216
577,-353.0,200,0,17,0.06,0.085
578,-147.0,132,1,4,0.09090909090909091,0.030303030303030304
579,-335.0,200,0,15,0.06,0.075
580,-209.0,200,0,1,0.06,0.005
581,-73.0,94,1,0,0.1276595744680851,0.0
582,-268.0,118,1,19,0.1016949152542373,0.16101694915254236
583,-344.0,200,0,16,0.06,0.08
584,-263.0,200,0,7,0.06,0.035
585,-344.0,200,0,16,0.06,0.08
586,-211.0,196,1,4,0.061224489795918366,0.02040816326530612
587,-209.0,200,0,1,0.06,0.005
588,-43.0,55,1,1,0.21818181818181817,0.01818181818181818
589,-362.0,200,0,18,0.06,0.09
590,-245.0,200,0,5,0.06,0.025
591,-245.0,200,0,5,0.06,0.025
592,-200.0,200,0,0,0.06,0.0
593,-58.0,61,1,2,0.19672131147540983,0.03278688524590164
594,-53.0,74,1,0,0.16216216216216217,0.0
595,-218.0,200,0,2,0.06,0.01
596,-227.0,200,0,3,0.06,0.015
597,-172.0,121,1,8,0.09917355371900827,0.06611570247933884
598,-109.0,112,1,2,0.10714285714285714,0.017857142857142856
599,-299.0,200,0,11,0.06,0.055
600,-59.0,71,1,1,0.16901408450704225,0.014084507042253521
601,-22.0,43,1,0,0.27906976744186046,0.0
602,-121.0,106,1,4,0.11320754716981132,0.03773584905660377
603,-398.0,200,0,22,0.06,0.11
604,-72.0,93,1,0,0.12903225806451613,0.0
605,-120.0,96,1,5,0.125,0.052083333333333336
606,-218.0,200,0,2,0.06,0.01
607,-42.0,63,1,0,0.19047619047619047,0.0
608,-204.0,171,1,6,0.07017543859649122,0.03508771929824561
609,-335.0,200,0,15,0.06,0.075
610,-79.0,91,1,1,0.13186813186813187,0.01098901098901099
611,-236.0,200,0,4,0.06,0.02
612,-324.0,165,1,20,0.07272727272727272,0.12121212121212122
613,-209.0,200,0,1,0.06,0.005
614,-58.0,79,1,0,0.1518987341772152,0.0
615,-218.0,200,0,2,0.06,0.01
616,-5.0,26,1,0,0.46153846153846156,0.0
617,-380.0,200,0,20,0.06,0.1
618,-205.0,154,1,8,0.07792207792207792,0.05194805194805195
619,-218.0,200,0,2,0.06,0.01
620,-188.0,101,1,12,0.1188118811881188,0.1188118811881188
621,-254.0,200,0,6,0.06,0.03
622,-200.0,200,0,0,0.06,0.0
623,-114.0,72,1,7,0.16666666666666666,0.09722222222222222
624,-515.0,200,0,35,0.06,0.175
625,-353.0,200,0,17,0.06,0.085
626,-85.0,97,1,1,0.12371134020618557,0.010309278350515464
627,-59.0,80,1,0,0.15,0.0
628,-241.0,163,1,11,0.0736196319018405,0.06748466257668712
629,-263.0,200,0,7,0.06,0.035
630,-254.0,200,0,6,0.06,0.03
631,-1.0,22,1,0,0.5454545454545454,0.0
632,-236.0,200,0,4,0.06,0.02
633,-209.0,200,0,1,0.06,0.005
634,-183.0,186,1,2,0.06451612903225806,0.010752688172043012
635,-227.0,200,0,3,0.06,0.015
636,-276.0,144,1,17,0.08333333333333333,0.11805555555555555
637,-425.0,200,0,25,0.06,0.125
638,-308.0,200,0,12,0.06,0.06
639,-70.0,64,1,3,0.1875,0.046875
640,-26.0,38,1,1,0.3157894736842105,0.02631578947368421
641,-112.0,133,1,0,0.09022556390977443,0.0
642,-7.0,19,1,1,0.631578947368421,0.05263157894736842
643,-218.0,200,0,2,0.06,0.01
644,-371.0,200,0,19,0.06,0.095
645,-165.0,114,1,8,0.10526315789473684,0.07017543859649122
646,-58.0,61,1,2,0.19672131147540983,0.03278688524590164
647,-72.0,84,1,1,0.14285714285714285,0.011904761904761904
648,-82.0,103,1,0,0.11650485436893204,0.0
649,-218.0,200,0,2,0.06,0.01
650,-263.0,200,0,7,0.06,0.035
651,-15.0,27,1,1,0.4444444444444444,0.037037037037037035
652,-103.0,124,1,0,0.0967741935483871,0.0
653,-167.0,143,1,5,0.08391608391608392,0.03496503496503497
654,-62.0,83,1,0,0.14457831325301204,0.0
655,-209.0,200,0,1,0.06,0.005
656,-470.0,200,0,30,0.06,0.15
657,-59.0,80,1,0,0.15,0.0
658,-84.0,105,1,0,0.11428571428571428,0.0
659,-317.0,200,0,13,0.06,0.065
660,-145.0,130,1,4,0.09230769230769231,0.03076923076923077
661,5.0,16,1,0,0.75,0.0
662,-158.0,116,1,7,0.10344827586206896,0.0603448275862069
663,-218.0,200,0,2,0.06,0.01
664,-164.0,158,1,3,0.0759493670886076,0.0189873417721519
665,-200.0,200,0,0,0.06,0.0
666,-362.0,200,0,18,0.06,0.09
667,-254.0,200,0,6,0.06,0.03
668,-209.0,200,0,1,0.06,0.005
669,-266.0,188,1,11,0.06382978723404255,0.05851063829787234
670,-153.0,129,1,5,0.09302325581395349,0.03875968992248062
671,-416.0,200,0,24,0.06,0.12
672,-26.0,47,1,0,0.2553191489361702,0.0
673,-272.0,200,0,8,0.06,0.04
674,-245.0,200,0,5,0.06,0.025
675,-182.0,131,1,8,0.0916030534351145,0.061068702290076333
676,-125.0,110,1,4,0.10909090909090909,0.03636363636363636
677,-254.0,200,0,6,0.06,0.03
678,-113.0,125,1,1,0.096,0.008
679,-8.0,29,1,0,0.41379310344827586,0.0
680,-245.0,200,0,5,0.06,0.025
681,-254.0,200,0,6,0.06,0.03
682,-72.0,75,1,2,0.16,0.02666666666666667
683,-25.0,46,1,0,0.2608695652173913,0.0
684,-64.0,49,1,4,0.24489795918367346,0.08163265306122448
685,-362.0,200,0,18,0.06,0.09
686,-434.0,200,0,26,0.06,0.13
687,-166.0,106,1,9,0.11320754716981132,0.08490566037735849
688,-227.0,200,0,3,0.06,0.015
689,-129.0,141,1,1,0.0851063829787234,0.0070921985815602835
690,-120.0,78,1,7,0.15384615384615385,0.08974358974358974
691,-257.0,188,1,10,0.06382978723404255,0.05319148936170213
692,-169.0,181,1,1,0.06629834254143646,0.0055248618784530384
693,-93.0,87,1,3,0.13793103448275862,0.034482758620689655
694,-217.0,166,1,8,0.07228915662650602,0.04819277108433735
695,-227.0,200,0,3,0.06,0.015
696,-85.0,106,1,0,0.11320754716981132,0.0
697,-236.0,200,0,4,0.06,0.02
698,-72.0,84,1,1,0.14285714285714285,0.011904761904761904
699,-81.0,102,1,0,0.11764705882352941,0.0
700,-75.0,78,1,2,0.15384615384615385,0.02564102564102564
701,-209.0,200,0,1,0.06,0.005
702,5.0,16,1,0,0.75,0.0
703,-299.0,176,1,16,0.06818181818181818,0.09090909090909091
704,-130.0,124,1,3,0.0967741935483871,0.024193548387096774
705,-312.0,198,1,15,0.06060606060606061,0.07575757575757576
706,-209.0,200,0,1,0.06,0.005
707,-272.0,200,0,8,0.06,0.04
708,-578.0,200,0,42,0.06,0.21
709,2.0,19,1,0,0.631578947368421,0.0
710,-398.0,200,0,22,0.06,0.11
711,-263.0,194,1,10,0.061855670103092786,0.05154639175257732
712,-209.0,200,0,1,0.06,0.005
713,-218.0,200,0,2,0.06,0.01
714,-66.0,78,1,1,0.15384615384615385,0.01282051282051282
715,-222.0,135,1,12,0.08888888888888889,0.08888888888888889
716,-24.0,45,1,0,0.26666666666666666,0.0
717,-305.0,191,1,15,0.06282722513089005,0.07853403141361257
718,-452.0,200,0,28,0.06,0.14
719,-308.0,200,0,12,0.06,0.06
720,-106.0,55,1,8,0.21818181818181817,0.14545454545454545
721,-11.0,32,1,0,0.375,0.0
722,-200.0,200,0,0,0.06,0.0
723,-335.0,200,0,15,0.06,0.075
724,-335.0,200,0,15,0.06,0.075
725,-263.0,200,0,7,0.06,0.035
726,-51.0,45,1,3,0.26666666666666666,0.06666666666666667
727,-380.0,200,0,20,0.06,0.1
728,-17.0,38,1,0,0.3157894736842105,0.0
729,-200.0,200,0,0,0.06,0.0
730,-233.0,146,1,12,0.0821917808219178,0.0821917808219178
731,-398.0,200,0,22,0.06,0.11
732,0.0,21,1,0,0.5714285714285714,0.0
733,-45.0,57,1,1,0.21052631578947367,0.017543859649122806
734,-84.0,105,1,0,0.11428571428571428,0.0
735,-290.0,200,0,10,0.06,0.05
736,-81.0,75,1,3,0.16,0.04
737,-14.0,35,1,0,0.34285714285714286,0.0
738,-560.0,200,0,40,0.06,0.2
739,-200.0,200,0,0,0.06,0.0
740,-94.0,88,1,3,0.13636363636363635,0.03409090909090909
741,-209.0,200,0,1,0.06,0.005
742,-292.0,151,1,18,0.07947019867549669,0.11920529801324503
743,-31.0,34,1,2,0.35294117647058826,0.058823529411764705
744,-24.0,27,1,2,0.4444444444444444,0.07407407407407407
745,-161.0,110,1,8,0.10909090909090909,0.07272727272727272
746,-308.0,200,0,12,0.06,0.06
747,-177.0,153,1,5,0.0784313725490196,0.032679738562091505
748,-9.0,30,1,0,0.4,0.0
749,-25.0,37,1,1,0.32432432432432434,0.02702702702702703
750,-308.0,200,0,12,0.06,0.06
751,-90.0,57,1,6,0.21052631578947367,0.10526315789473684
752,-99.0,102,1,2,0.11764705882352941,0.0196078431372549
753,-99.0,120,1,0,0.1,0.0
754,-196.0,163,1,6,0.0736196319018405,0.03680981595092025
755,-64.0,76,1,1,0.15789473684210525,0.013157894736842105
756,-37.0,58,1,0,0.20689655172413793,0.0
757,-88.0,100,1,1,0.12,0.01
758,-203.0,197,1,3,0.06091370558375635,0.015228426395939087
759,-290.0,200,0,10,0.06,0.05
760,-62.0,65,1,2,0.18461538461538463,0.03076923076923077
761,-227.0,200,0,3,0.06,0.015
762,-168.0,81,1,12,0.14814814814814814,0.14814814814814814
763,-95.0,89,1,3,0.1348314606741573,0.033707865168539325
764,-60.0,63,1,2,0.19047619047619047,0.031746031746031744
765,-389.0,200,0,21,0.06,0.105
766,-218.0,200,0,2,0.06,0.01
767,-209.0,200,0,1,0.06,0.005
768,-223.0,172,1,8,0.06976744186046512,0.046511627906976744
769,-245.0,200,0,5,0.06,0.025
770,-167.0,161,1,3,0.07453416149068323,0.018633540372670808
771,-227.0,200,0,3,0.06,0.015
772,-227.0,200,0,3,0.06,0.015
773,-80.0,101,1,0,0.1188118811881188,0.0
774,-212.0,170,1,7,0.07058823529411765,0.041176470588235294
775,-218.0,200,0,2,0.06,0.01
776,-389.0,200,0,21,0.06,0.105
777,-398.0,200,0,22,0.06,0.11
778,-48.0,69,1,0,0.17391304347826086,0.0
779,-94.0,97,1,2,0.12371134020618557,0.020618556701030927
780,-181.0,193,1,1,0.06217616580310881,0.0051813471502590676
781,-416.0,200,0,24,0.06,0.12
782,-242.0,191,1,8,0.06282722513089005,0.041884816753926704
783,-32.0,53,1,0,0.22641509433962265,0.0
784,-218.0,200,0,2,0.06,0.01
785,-69.0,72,1,2,0.16666666666666666,0.027777777777777776
786,-62.0,56,1,3,0.21428571428571427,0.05357142857142857
787,-133.0,109,1,5,0.11009174311926606,0.045871559633027525
788,-31.0,34,1,2,0.35294117647058826,0.058823529411764705
789,6.0,15,1,0,0.8,0.0
790,-177.0,198,1,0,0.06060606060606061,0.0
791,-266.0,170,1,13,0.07058823529411765,0.07647058823529412
792,-209.0,140,1,10,0.08571428571428572,0.07142857142857142
793,-236.0,200,0,4,0.06,0.02
794,-289.0,148,1,18,0.08108108108108109,0.12162162162162163
795,-170.0,173,1,2,0.06936416184971098,0.011560693641618497
796,-116.0,119,1,2,0.10084033613445378,0.01680672268907563
797,-45.0,57,1,1,0.21052631578947367,0.017543859649122806
798,-87.0,90,1,2,0.13333333333333333,0.022222222222222223
799,-166.0,160,1,3,0.075,0.01875
800,-209.0,200,0,1,0.06,0.005
801,-425.0,200,0,25,0.06,0.125
802,-218.0,200,0,2,0.06,0.01
803,-110.0,104,1,3,0.11538461538461539,0.028846153846153848
804,-200.0,200,0,0,0.06,0.0
805,-209.0,200,0,1,0.06,0.005
806,-413.0,182,1,28,0.06593406593406594,0.15384615384615385
807,-218.0,200,0,2,0.06,0.01
808,-49.0,70,1,0,0.17142857142857143,0.0
809,-61.0,82,1,0,0.14634146341463414,0.0
810,-179.0,101,1,11,0.1188118811881188,0.10891089108910891
811,-170.0,182,1,1,0.06593406593406594,0.005494505494505495
812,-200.0,200,0,0,0.06,0.0
813,-515.0,200,0,35,0.06,0.175
814,-119.0,113,1,3,0.10619469026548672,0.02654867256637168
815,-380.0,200,0,20,0.06,0.1
816,-497.0,200,0,33,0.06,0.165
817,-179.0,173,1,3,0.06936416184971098,0.017341040462427744
818,-193.0,160,1,6,0.075,0.0375
819,-138.0,141,1,2,0.0851063829787234,0.014184397163120567
820,-218.0,200,0,2,0.06,0.01
821,-163.0,139,1,5,0.08633093525179857,0.03597122302158273
822,-335.0,200,0,15,0.06,0.075
823,-172.0,184,1,1,0.06521739130434782,0.005434782608695652
824,-156.0,141,1,4,0.0851063829787234,0.028368794326241134
825,-156.0,150,1,3,0.08,0.02
826,-314.0,200,1,15,0.06,0.075
827,-208.0,175,1,6,0.06857142857142857,0.03428571428571429
828,-161.0,92,1,10,0.13043478260869565,0.10869565217391304
829,-120.0,123,1,2,0.0975609756097561,0.016260162601626018
830,-232.0,181,1,8,0.06629834254143646,0.04419889502762431
831,-317.0,200,0,13,0.06,0.065
832,-151.0,127,1,5,0.09448818897637795,0.03937007874015748
833,-124.0,127,1,2,0.09448818897637795,0.015748031496062992
834,-425.0,200,0,25,0.06,0.125
835,-33.0,54,1,0,0.2222222222222222,0.0
836,-80.0,92,1,1,0.13043478260869565,0.010869565217391304
837,-117.0,129,1,1,0.09302325581395349,0.007751937984496124
838,-236.0,200,0,4,0.06,0.02
839,-336.0,159,1,22,0.07547169811320754,0.13836477987421383
840,-173.0,185,1,1,0.06486486486486487,0.005405405405405406
841,-272.0,200,0,8,0.06,0.04
842,-218.0,200,0,2,0.06,0.01
843,-114.0,126,1,1,0.09523809523809523,0.007936507936507936
844,-65.0,77,1,1,0.15584415584415584,0.012987012987012988
845,-263.0,149,1,15,0.08053691275167785,0.10067114093959731
846,-144.0,138,1,3,0.08695652173913043,0.021739130434782608
847,-11.0,32,1,0,0.375,0.0
848,-209.0,200,0,1,0.06,0.005
849,-200.0,200,0,0,0.06,0.0
850,8.0,13,1,0,0.9230769230769231,0.0
851,-73.0,85,1,1,0.1411764705882353,0.011764705882352941
852,-263.0,200,0,7,0.06,0.035
853,-72.0,57,1,4,0.21052631578947367,0.07017543859649122
854,-36.0,48,1,1,0.25,0.020833333333333332
855,-118.0,121,1,2,0.09917355371900827,0.01652892561983471
856,-151.0,163,1,1,0.0736196319018405,0.006134969325153374
857,-116.0,137,1,0,0.08759124087591241,0.0
858,15.0,6,1,0,1.0,0.0
859,-205.0,154,1,8,0.07792207792207792,0.05194805194805195
860,-108.0,129,1,0,0.09302325581395349,0.0
861,-272.0,200,0,8,0.06,0.04
862,-236.0,149,1,12,0.08053691275167785,0.08053691275167785
863,-7.0,28,1,0,0.42857142857142855,0.0
864,-158.0,161,1,2,0.07453416149068323,0.012422360248447204
865,-362.0,200,0,18,0.06,0.09
866,-8.0,29,1,0,0.41379310344827586,0.0
867,-416.0,200,0,24,0.06,0.12
868,-60.0,45,1,4,0.26666666666666666,0.08888888888888889
869,-119.0,95,1,5,0.12631578947368421,0.05263157894736842
870,-141.0,108,1,6,0.1111111111111111,0.05555555555555555
871,-218.0,200,0,2,0.06,0.01
872,-59.0,71,1,1,0.16901408450704225,0.014084507042253521
873,-218.0,200,0,2,0.06,0.01
874,-200.0,200,0,0,0.06,0.0
875,-60.0,54,1,3,0.2222222222222222,0.05555555555555555
876,-40.0,52,1,1,0.23076923076923078,0.019230769230769232
877,-58.0,43,1,4,0.27906976744186046,0.09302325581395349
878,-200.0,200,0,0,0.06,0.0
879,-353.0,200,0,17,0.06,0.085
880,-335.0,200,0,15,0.06,0.075
881,-61.0,73,1,1,0.1643835616438356,0.0136986301369863
882,-81.0,75,1,3,0.16,0.04
883,-30.0,51,1,0,0.23529411764705882,0.0
884,-173.0,122,1,8,0.09836065573770492,0.06557377049180328
885,-189.0,93,1,13,0.12903225806451613,0.13978494623655913
886,-416.0,200,0,24,0.06,0.12
887,-200.0,200,0,0,0.06,0.0
888,-263.0,200,0,7,0.06,0.035
889,-37.0,58,1,0,0.20689655172413793,0.0
890,-263.0,200,0,7,0.06,0.035
891,-204.0,171,1,6,0.07017543859649122,0.03508771929824561
892,-52.0,37,1,4,0.32432432432432434,0.10810810810810811
893,-174.0,177,1,2,0.06779661016949153,0.011299435028248588
894,-154.0,166,1,1,0.07228915662650602,0.006024096385542169
895,-57.0,51,1,3,0.23529411764705882,0.058823529411764705
896,-163.0,166,1,2,0.07228915662650602,0.012048192771084338
897,-10.0,31,1,0,0.3870967741935484,0.0
898,9.0,12,1,0,1.0,0.0
899,-86.0,53,1,6,0.22641509433962265,0.11320754716981132
900,-159.0,126,1,6,0.09523809523809523,0.047619047619047616
901,-299.0,200,0,11,0.06,0.055
902,-14.0,35,1,0,0.34285714285714286,0.0
903,-209.0,200,0,1,0.06,0.005
904,-252.0,147,1,14,0.08163265306122448,0.09523809523809523
905,-105.0,126,1,0,0.09523809523809523,0.0
906,-113.0,107,1,3,0.11214953271028037,0.028037383177570093
907,-41.0,44,1,2,0.2727272727272727,0.045454545454545456
908,-209.0,200,0,1,0.06,0.005
909,-139.0,70,1,10,0.17142857142857143,0.14285714285714285
910,-138.0,96,1,7,0.125,0.07291666666666667
911,-131.0,125,1,3,0.096,0.024
912,-128.0,68,1,9,0.17647058823529413,0.1323529411764706
913,-91.0,94,1,2,0.1276595744680851,0.02127659574468085
914,-204.0,189,1,4,0.06349206349206349,0.021164021164021163
915,-209.0,200,0,1,0.06,0.005
916,-209.0,200,0,1,0.06,0.005
917,-184.0,187,1,2,0.06417112299465241,0.0106951871657754
918,-218.0,200,0,2,0.06,0.01
919,-161.0,128,1,6,0.09375,0.046875
920,-1.0,22,1,0,0.5454545454545454,0.0
921,-196.0,136,1,9,0.08823529411764706,0.0661764705882353
922,-192.0,168,1,5,0.07142857142857142,0.02976190476190476
923,-272.0,200,0,8,0.06,0.04
924,-71.0,83,1,1,0.14457831325301204,0.012048192771084338
925,-344.0,194,1,19,0.061855670103092786,0.0979381443298969
926,-70.0,37,1,6,0.32432432432432434,0.16216216216216217
927,-308.0,200,0,12,0.06,0.06
928,-227.0,200,0,3,0.06,0.015
929,-30.0,42,1,1,0.2857142857142857,0.023809523809523808
930,-48.0,60,1,1,0.2,0.016666666666666666
931,-272.0,200,0,8,0.06,0.04
932,-218.0,200,0,2,0.06,0.01
933,-344.0,200,0,16,0.06,0.08
934,-122.0,116,1,3,0.10344827586206896,0.02586206896551724
935,-236.0,200,0,4,0.06,0.02
936,-95.0,53,1,7,0.22641509433962265,0.1320754716981132
937,-10.0,31,1,0,0.3870967741935484,0.0
938,-245.0,200,0,5,0.06,0.025
939,-317.0,200,0,13,0.06,0.065
940,-298.0,175,1,16,0.06857142857142857,0.09142857142857143
941,-132.0,144,1,1,0.08333333333333333,0.006944444444444444
942,-119.0,59,1,9,0.2033898305084746,0.15254237288135594
943,-34.0,37,1,2,0.32432432432432434,0.05405405405405406
944,-245.0,200,0,5,0.06,0.025
945,-1.0,22,1,0,0.5454545454545454,0.0
946,-236.0,200,0,4,0.06,0.02
947,-70.0,82,1,1,0.14634146341463414,0.012195121951219513
948,-129.0,141,1,1,0.0851063829787234,0.0070921985815602835
949,-28.0,40,1,1,0.3,0.025
950,-158.0,179,1,0,0.0670391061452514,0.0
951,-81.0,57,1,5,0.21052631578947367,0.08771929824561403
952,-122.0,116,1,3,0.10344827586206896,0.02586206896551724
953,-218.0,200,0,2,0.06,0.01
954,-218.0,200,0,2,0.06,0.01
955,-71.0,92,1,0,0.13043478260869565,0.0
956,-80.0,101,1,0,0.1188118811881188,0.0
957,-16.0,19,1,2,0.631578947368421,0.10526315789473684
958,-127.0,130,1,2,0.09230769230769231,0.015384615384615385
959,-114.0,99,1,4,0.12121212121212122,0.04040404040404041
960,-55.0,58,1,2,0.20689655172413793,0.034482758620689655
961,-194.0,197,1,2,0.06091370558375635,0.01015228426395939
962,-18.0,21,1,2,0.5714285714285714,0.09523809523809523
963,-218.0,200,0,2,0.06,0.01
964,-11.0,23,1,1,0.5217391304347826,0.043478260869565216
965,-133.0,100,1,6,0.12,0.06
966,-134.0,110,1,5,0.10909090909090909,0.045454545454545456
967,-131.0,125,1,3,0.096,0.024
968,-18.0,39,1,0,0.3076923076923077,0.0
969,-179.0,191,1,1,0.06282722513089005,0.005235602094240838
970,-218.0,200,0,2,0.06,0.01
971,8.0,13,1,0,0.9230769230769231,0.0
972,-70.0,82,1,1,0.14634146341463414,0.012195121951219513
973,7.0,14,1,0,0.8571428571428571,0.0
974,-22.0,34,1,1,0.35294117647058826,0.029411764705882353
975,-8.0,29,1,0,0.41379310344827586,0.0
976,-80.0,92,1,1,0.13043478260869565,0.010869565217391304
977,-223.0,190,1,6,0.06315789473684211,0.031578947368421054
978,-71.0,56,1,4,0.21428571428571427,0.07142857142857142
979,-11.0,23,1,1,0.5217391304347826,0.043478260869565216
980,-27.0,48,1,0,0.25,0.0
981,-2.0,14,1,1,0.8571428571428571,0.07142857142857142
982,-141.0,162,1,0,0.07407407407407407,0.0
983,14.0,7,1,0,1.0,0.0
984,-52.0,64,1,1,0.1875,0.015625
985,-54.0,66,1,1,0.18181818181818182,0.015151515151515152
986,-209.0,200,0,1,0.06,0.005
987,-371.0,200,0,19,0.06,0.095
988,-218.0,200,0,2,0.06,0.01
989,-119.0,140,1,0,0.08571428571428572,0.0
990,-348.0,198,1,19,0.06060606060606061,0.09595959595959595
991,-200.0,200,0,0,0.06,0.0
992,-135.0,111,1,5,0.10810810810810811,0.04504504504504504
993,-326.0,200,0,14,0.06,0.07
994,-85.0,97,1,1,0.12371134020618557,0.010309278350515464
995,-69.0,81,1,1,0.14814814814814814,0.012345679012345678
996,-79.0,100,1,0,0.12,0.0
997,-76.0,88,1,1,0.13636363636363635,0.011363636363636364
998,-207.0,174,1,6,0.06896551724137931,0.034482758620689655
999,-44.0,65,1,0,0.18461538461538463,0.0
1000,-332.0,164,1,21,0.07317073170731707,0.12804878048780488
1001,-143.0,137,1,3,0.08759124087591241,0.021897810218978103
1002,-299.0,200,0,11,0.06,0.055
1003,-200.0,200,0,0,0.06,0.0
1004,-30.0,42,1,1,0.2857142857142857,0.023809523809523808
1005,-247.0,106,1,18,0.11320754716981132,0.16981132075471697
1006,-124.0,136,1,1,0.08823529411764706,0.007352941176470588
1007,-45.0,57,1,1,0.21052631578947367,0.017543859649122806
1008,-36.0,57,1,0,0.21052631578947367,0.0
1009,-16.0,37,1,0,0.32432432432432434,0.0
1010,-227.0,200,0,3,0.06,0.015
1011,-19.0,40,1,0,0.3,0.0
1012,-209.0,200,0,1,0.06,0.005
1013,-25.0,37,1,1,0.32432432432432434,0.02702702702702703
1014,-192.0,177,1,4,0.06779661016949153,0.022598870056497175
1015,-56.0,59,1,2,0.2033898305084746,0.03389830508474576
1016,14.0,7,1,0,1.0,0.0
1017,-344.0,200,0,16,0.06,0.08
1018,-245.0,200,0,5,0.06,0.025
1019,-317.0,200,0,13,0.06,0.065
1020,-59.0,53,1,3,0.22641509433962265,0.05660377358490566
1021,-263.0,200,0,7,0.06,0.035
1022,-236.0,200,0,4,0.06,0.02
1023,-1.0,22,1,0,0.5454545454545454,0.0
1024,-127.0,94,1,6,0.1276595744680851,0.06382978723404255
1025,-299.0,200,0,11,0.06,0.055
1026,-389.0,200,0,21,0.06,0.105
1027,-3.0,24,1,0,0.5,0.0
1028,-117.0,93,1,5,0.12903225806451613,0.053763440860215055
1029,-49.0,61,1,1,0.19672131147540983,0.01639344262295082
1030,-281.0,200,0,9,0.06,0.045
1031,-10.0,31,1,0,0.3870967741935484,0.0
1032,3.0,18,1,0,0.6666666666666666,0.0
1033,-200.0,200,0,0,0.06,0.0
1034,-218.0,200,0,2,0.06,0.01
1035,-407.0,200,0,23,0.06,0.115
1036,-34.0,37,1,2,0.32432432432432434,0.05405405405405406
1037,-94.0,97,1,2,0.12371134020618557,0.020618556701030927
1038,-209.0,200,0,1,0.06,0.005
1039,10.0,11,1,0,1.0,0.0
1040,-51.0,72,1,0,0.16666666666666666,0.0
1041,-10.0,22,1,1,0.5454545454545454,0.045454545454545456
1042,-73.0,76,1,2,0.15789473684210525,0.02631578947368421
1043,-130.0,106,1,5,0.11320754716981132,0.04716981132075472
1044,-245.0,200,0,5,0.06,0.025
1045,-20.0,41,1,0,0.2926829268292683,0.0
1046,-55.0,58,1,2,0.20689655172413793,0.034482758620689655
1047,-29.0,50,1,0,0.24,0.0
1048,-158.0,116,1,7,0.10344827586206896,0.0603448275862069
1049,-101.0,95,1,3,0.12631578947368421,0.031578947368421054
1050,-188.0,146,1,7,0.0821917808219178,0.04794520547945205
1051,-142.0,145,1,2,0.08275862068965517,0.013793103448275862
1052,-50.0,71,1,0,0.16901408450704225,0.0
1053,-452.0,200,0,28,0.06,0.14
1054,-542.0,200,0,38,0.06,0.19
1055,-6.0,27,1,0,0.4444444444444444,0.0
1056,-56.0,77,1,0,0.15584415584415584,0.0
1057,-29.0,50,1,0,0.24,0.0
1058,-166.0,133,1,6,0.09022556390977443,0.045112781954887216
1059,-169.0,163,1,3,0.0736196319018405,0.018404907975460124
1060,-126.0,129,1,2,0.09302325581395349,0.015503875968992248
1061,-55.0,58,1,2,0.20689655172413793,0.034482758620689655
1062,-236.0,200,0,4,0.06,0.02
1063,-407.0,200,0,23,0.06,0.115
1064,-281.0,200,0,9,0.06,0.045
1065,-186.0,198,1,1,0.06060606060606061,0.005050505050505051
1066,-152.0,155,1,2,0.07741935483870968,0.012903225806451613
1067,-236.0,200,0,4,0.06,0.02
1068,-44.0,65,1,0,0.18461538461538463,0.0
1069,-68.0,80,1,1,0.15,0.0125
1070,-218.0,200,0,2,0.06,0.01
1071,-46.0,58,1,1,0.20689655172413793,0.017241379310344827
1072,-151.0,118,1,6,0.1016949152542373,0.05084745762711865
1073,-108.0,111,1,2,0.10810810810810811,0.018018018018018018
1074,-17.0,38,1,0,0.3157894736842105,0.0
1075,-59.0,53,1,3,0.22641509433962265,0.05660377358490566
1076,10.0,11,1,0,1.0,0.0
1077,-25.0,37,1,1,0.32432432432432434,0.02702702702702703
1078,-218.0,200,0,2,0.06,0.01
1079,-28.0,49,1,0,0.24489795918367346,0.0
1080,10.0,11,1,0,1.0,0.0
1081,-506.0,200,0,34,0.06,0.17
1082,-335.0,200,0,15,0.06,0.075
1083,-281.0,200,0,9,0.06,0.045
1084,-25.0,46,1,0,0.2608695652173913,0.0
1085,-77.0,62,1,4,0.1935483870967742,0.06451612903225806
1086,-97.0,91,1,3,0.13186813186813187,0.03296703296703297
1087,-153.0,156,1,2,0.07692307692307693,0.01282051282051282
1088,-308.0,200,0,12,0.06,0.06
1089,-6.0,27,1,0,0.4444444444444444,0.0
1090,-362.0,167,1,24,0.0718562874251497,0.1437125748502994
1091,2.0,19,1,0,0.631578947368421,0.0
1092,-299.0,200,0,11,0.06,0.055
1093,-55.0,58,1,2,0.20689655172413793,0.034482758620689655
1094,-274.0,160,1,15,0.075,0.09375
1095,-164.0,122,1,7,0.09836065573770492,0.05737704918032787
1096,-272.0,200,0,8,0.06,0.04
1097,-121.0,97,1,5,0.12371134020618557,0.05154639175257732
1098,2.0,19,1,0,0.631578947368421,0.0
1099,14.0,7,1,0,1.0,0.0
1100,9.0,12,1,0,1.0,0.0
1101,-113.0,107,1,3,0.11214953271028037,0.028037383177570093
1102,-199.0,130,1,10,0.09230769230769231,0.07692307692307693
1103,-128.0,131,1,2,0.0916030534351145,0.015267175572519083
1104,-265.0,160,1,14,0.075,0.0875
1105,-189.0,138,1,8,0.08695652173913043,0.057971014492753624
1106,0.0,21,1,0,0.5714285714285714,0.0
1107,-34.0,55,1,0,0.21818181818181817,0.0
1108,-105.0,108,1,2,0.1111111111111111,0.018518518518518517
1109,-58.0,79,1,0,0.1518987341772152,0.0
1110,-80.0,101,1,0,0.1188118811881188,0.0
1111,14.0,7,1,0,1.0,0.0
1112,-209.0,200,0,1,0.06,0.005
1113,8.0,13,1,0,0.9230769230769231,0.0
1114,-79.0,91,1,1,0.13186813186813187,0.01098901098901099
1115,-113.0,116,1,2,0.10344827586206896,0.017241379310344827
1116,-171.0,156,1,4,0.07692307692307693,0.02564102564102564
1117,-317.0,200,0,13,0.06,0.065
1118,-80.0,56,1,5,0.21428571428571427,0.08928571428571429
1119,-137.0,113,1,5,0.10619469026548672,0.04424778761061947
1120,-200.0,200,0,0,0.06,0.0
1121,-88.0,91,1,2,0.13186813186813187,0.02197802197802198
1122,-67.0,70,1,2,0.17142857142857143,0.02857142857142857
1123,-461.0,200,0,29,0.06,0.145
1124,-112.0,124,1,1,0.0967741935483871,0.008064516129032258
1125,-241.0,145,1,13,0.08275862068965517,0.0896551724137931
1126,-102.0,105,1,2,0.11428571428571428,0.01904761904761905
1127,-5.0,26,1,0,0.46153846153846156,0.0
1128,-54.0,66,1,1,0.18181818181818182,0.015151515151515152
1129,-131.0,116,1,4,0.10344827586206896,0.034482758620689655
1130,-287.0,146,1,18,0.0821917808219178,0.1232876712328767
1131,13.0,8,1,0,1.0,0.0
1132,-91.0,94,1,2,0.1276595744680851,0.02127659574468085
1133,-218.0,131,1,12,0.0916030534351145,0.0916030534351145
1134,-18.0,39,1,0,0.3076923076923077,0.0
1135,-301.0,151,1,19,0.07947019867549669,0.12582781456953643
1136,-200.0,200,0,0,0.06,0.0
1137,-19.0,40,1,0,0.3,0.0
1138,-19.0,31,1,1,0.3870967741935484,0.03225806451612903
1139,-118.0,112,1,3,0.10714285714285714,0.026785714285714284
1140,-227.0,200,0,3,0.06,0.015
1141,-81.0,66,1,4,0.18181818181818182,0.06060606060606061
1142,-398.0,200,0,22,0.06,0.11
1143,-145.0,121,1,5,0.09917355371900827,0.04132231404958678
1144,-328.0,196,1,17,0.061224489795918366,0.08673469387755102
1145,7.0,14,1,0,0.8571428571428571,0.0
1146,-30.0,42,1,1,0.2857142857142857,0.023809523809523808
1147,-89.0,83,1,3,0.14457831325301204,0.03614457831325301
1148,-15.0,27,1,1,0.4444444444444444,0.037037037037037035
1149,-55.0,76,1,0,0.15789473684210525,0.0
1150,-371.0,200,0,19,0.06,0.095
1151,-47.0,50,1,2,0.24,0.04
1152,-44.0,65,1,0,0.18461538461538463,0.0
1153,-84.0,51,1,6,0.23529411764705882,0.11764705882352941
1154,-123.0,81,1,7,0.14814814814814814,0.08641975308641975
1155,-367.0,163,1,25,0.0736196319018405,0.15337423312883436
1156,-48.0,60,1,1,0.2,0.016666666666666666
1157,-128.0,86,1,7,0.13953488372093023,0.08139534883720931
1158,-11.0,23,1,1,0.5217391304347826,0.043478260869565216
1159,10.0,11,1,0,1.0,0.0
1160,14.0,7,1,0,1.0,0.0
1161,-50.0,35,1,4,0.34285714285714286,0.11428571428571428
1162,7.0,14,1,0,0.8571428571428571,0.0
1163,-290.0,200,0,10,0.06,0.05
1164,-2.0,23,1,0,0.5217391304347826,0.0
1165,14.0,7,1,0,1.0,0.0
1166,-117.0,84,1,6,0.14285714285714285,0.07142857142857142
1167,-46.0,67,1,0,0.1791044776119403,0.0
1168,-68.0,53,1,4,0.22641509433962265,0.07547169811320754
1169,-317.0,200,0,13,0.06,0.065
1170,-161.0,74,1,12,0.16216216216216217,0.16216216216216217
1171,-134.0,128,1,3,0.09375,0.0234375
1172,-86.0,80,1,3,0.15,0.0375
1173,-87.0,90,1,2,0.13333333333333333,0.022222222222222223
1174,-32.0,35,1,2,0.34285714285714286,0.05714285714285714
1175,-74.0,86,1,1,0.13953488372093023,0.011627906976744186
1176,-206.0,191,1,4,0.06282722513089005,0.020942408376963352
1177,-223.0,172,1,8,0.06976744186046512,0.046511627906976744
1178,-16.0,28,1,1,0.42857142857142855,0.03571428571428571
1179,-55.0,67,1,1,0.1791044776119403,0.014925373134328358
1180,-164.0,104,1,9,0.11538461538461539,0.08653846153846154
1181,6.0,15,1,0,0.8,0.0
1182,-14.0,26,1,1,0.46153846153846156,0.038461538461538464
1183,-9.0,21,1,1,0.5714285714285714,0.047619047619047616
1184,-29.0,50,1,0,0.24,0.0
1185,-227.0,200,0,3,0.06,0.015
1186,-196.0,127,1,10,0.09448818897637795,0.07874015748031496
1187,-36.0,48,1,1,0.25,0.020833333333333332
1188,-222.0,180,1,7,0.06666666666666667,0.03888888888888889
1189,10.0,11,1,0,1.0,0.0
1190,-58.0,52,1,3,0.23076923076923078,0.057692307692307696
1191,6.0,15,1,0,0.8,0.0
1192,-9.0,30,1,0,0.4,0.0
1193,14.0,7,1,0,1.0,0.0
1194,-5.0,17,1,1,0.7058823529411765,0.058823529411764705
1195,7.0,14,1,0,0.8571428571428571,0.0
1196,-92.0,59,1,6,0.2033898305084746,0.1016949152542373
1197,-42.0,45,1,2,0.26666666666666666,0.044444444444444446
1198,-169.0,145,1,5,0.08275862068965517,0.034482758620689655
1199,-256.0,178,1,11,0.06741573033707865,0.06179775280898876
1200,13.0,8,1,0,1.0,0.0
1201,-4.0,16,1,1,0.75,0.0625
1202,-13.0,34,1,0,0.35294117647058826,0.0
1203,-391.0,196,1,24,0.061224489795918366,0.12244897959183673
1204,8.0,13,1,0,0.9230769230769231,0.0
1205,-142.0,100,1,7,0.12,0.07
1206,-88.0,91,1,2,0.13186813186813187,0.02197802197802198
1207,-335.0,200,0,15,0.06,0.075
1208,-83.0,104,1,0,0.11538461538461539,0.0
1209,-157.0,106,1,8,0.11320754716981132,0.07547169811320754
1210,-218.0,200,0,2,0.06,0.01
1211,-286.0,109,1,22,0.11009174311926606,0.2018348623853211
1212,-47.0,59,1,1,0.2033898305084746,0.01694915254237288
1213,3.0,9,1,1,1.0,0.1111111111111111
1214,-5.0,26,1,0,0.46153846153846156,0.0
1215,-218.0,200,0,2,0.06,0.01
1216,-103.0,115,1,1,0.10434782608695652,0.008695652173913044
1217,15.0,6,1,0,1.0,0.0
1218,-297.0,174,1,16,0.06896551724137931,0.09195402298850575
1219,-461.0,200,0,29,0.06,0.145
1220,-200.0,200,0,0,0.06,0.0
1221,-49.0,70,1,0,0.17142857142857143,0.0
1222,-28.0,49,1,0,0.24489795918367346,0.0
1223,-92.0,59,1,6,0.2033898305084746,0.1016949152542373
1224,-157.0,115,1,7,0.10434782608695652,0.06086956521739131
1225,-62.0,56,1,3,0.21428571428571427,0.05357142857142857
1226,-238.0,169,1,10,0.07100591715976332,0.05917159763313609
1227,1.0,20,1,0,0.6,0.0
1228,-185.0,170,1,4,0.07058823529411765,0.023529411764705882
1229,-130.0,88,1,7,0.13636363636363635,0.07954545454545454
1230,-533.0,200,0,37,0.06,0.185
1231,-116.0,92,1,5,0.13043478260869565,0.05434782608695652
1232,-14.0,35,1,0,0.34285714285714286,0.0
1233,-75.0,51,1,5,0.23529411764705882,0.09803921568627451
1234,-197.0,119,1,11,0.10084033613445378,0.09243697478991597
1235,13.0,8,1,0,1.0,0.0
1236,-66.0,60,1,3,0.2,0.05
1237,-141.0,108,1,6,0.1111111111111111,0.05555555555555555
1238,-3.0,24,1,0,0.5,0.0
1239,-121.0,142,1,0,0.08450704225352113,0.0
1240,-7.0,28,1,0,0.42857142857142855,0.0
1241,-114.0,90,1,5,0.13333333333333333,0.05555555555555555
1242,-124.0,118,1,3,0.1016949152542373,0.025423728813559324
1243,-242.0,200,1,7,0.06,0.035
1244,-192.0,177,1,4,0.06779661016949153,0.022598870056497175
1245,-47.0,41,1,3,0.2926829268292683,0.07317073170731707
1246,-138.0,96,1,7,0.125,0.07291666666666667
1247,-281.0,200,0,9,0.06,0.045
1248,-70.0,91,1,0,0.13186813186813187,0.0
1249,-104.0,80,1,5,0.15,0.0625
1250,-92.0,104,1,1,0.11538461538461539,0.009615384615384616
1251,-44.0,65,1,0,0.18461538461538463,0.0
1252,15.0,6,1,0,1.0,0.0
1253,-96.0,54,1,7,0.2222222222222222,0.12962962962962962
1254,-39.0,42,1,2,0.2857142857142857,0.047619047619047616
1255,-28.0,40,1,1,0.3,0.025
1256,-151.0,145,1,3,0.08275862068965517,0.020689655172413793
1257,-106.0,109,1,2,0.11009174311926606,0.01834862385321101
1258,-25.0,37,1,1,0.32432432432432434,0.02702702702702703
1259,-272.0,200,0,8,0.06,0.04
1260,-42.0,54,1,1,0.2222222222222222,0.018518518518518517
1261,-16.0,37,1,0,0.32432432432432434,0.0
1262,-479.0,200,0,31,0.06,0.155
1263,-82.0,76,1,3,0.15789473684210525,0.039473684210526314
1264,-542.0,200,0,38,0.06,0.19
1265,-243.0,147,1,13,0.08163265306122448,0.08843537414965986
1266,-82.0,76,1,3,0.15789473684210525,0.039473684210526314
1267,-425.0,200,0,25,0.06,0.125
1268,0.0,21,1,0,0.5714285714285714,0.0
1269,-143.0,128,1,4,0.09375,0.03125
1270,-73.0,85,1,1,0.1411764705882353,0.011764705882352941
1271,-21.0,24,1,2,0.5,0.08333333333333333
1272,-283.0,196,1,12,0.061224489795918366,0.061224489795918366
1273,-236.0,200,0,4,0.06,0.02
1274,-94.0,97,1,2,0.12371134020618557,0.020618556701030927
1275,-263.0,200,0,7,0.06,0.035
1276,-65.0,77,1,1,0.15584415584415584,0.012987012987012988
1277,-30.0,51,1,0,0.23529411764705882,0.0
1278,-140.0,71,1,10,0.16901408450704225,0.14084507042253522
1279,-172.0,139,1,6,0.08633093525179857,0.04316546762589928
1280,-176.0,134,1,7,0.08955223880597014,0.05223880597014925
1281,-67.0,79,1,1,0.1518987341772152,0.012658227848101266
1282,-152.0,137,1,4,0.08759124087591241,0.029197080291970802
1283,-181.0,184,1,2,0.06521739130434782,0.010869565217391304
1284,-71.0,65,1,3,0.18461538461538463,0.046153846153846156
1285,-127.0,112,1,4,0.10714285714285714,0.03571428571428571
1286,13.0,8,1,0,1.0,0.0
1287,-9.0,30,1,0,0.4,0.0
1288,1.0,20,1,0,0.6,0.0
1289,-209.0,200,0,1,0.06,0.005
1290,-165.0,159,1,3,0.07547169811320754,0.018867924528301886
1291,-19.0,40,1,0,0.3,0.0
1292,-135.0,147,1,1,0.08163265306122448,0.006802721088435374
1293,-2.0,23,1,0,0.5217391304347826,0.0
1294,-148.0,88,1,9,0.13636363636363635,0.10227272727272728
1295,-226.0,175,1,8,0.06857142857142857,0.045714285714285714
1296,-37.0,49,1,1,0.24489795918367346,0.02040816326530612
1297,-188.0,155,1,6,0.07741935483870968,0.03870967741935484
1298,-47.0,41,1,3,0.2926829268292683,0.07317073170731707
1299,-30.0,24,1,3,0.5,0.125
1300,-62.0,83,1,0,0.14457831325301204,0.0
1301,-254.0,200,0,6,0.06,0.03
1302,-8.0,29,1,0,0.41379310344827586,0.0
1303,-146.0,122,1,5,0.09836065573770492,0.040983606557377046
1304,-101.0,59,1,7,0.2033898305084746,0.11864406779661017
1305,-48.0,60,1,1,0.2,0.016666666666666666
1306,-74.0,77,1,2,0.15584415584415584,0.025974025974025976
1307,-206.0,137,1,10,0.08759124087591241,0.072992700729927
1308,-169.0,154,1,4,0.07792207792207792,0.025974025974025976
1309,-93.0,96,1,2,0.125,0.020833333333333332
1310,-162.0,147,1,4,0.08163265306122448,0.027210884353741496
1311,5.0,16,1,0,0.75,0.0
1312,-254.0,200,0,6,0.06,0.03
1313,-115.0,91,1,5,0.13186813186813187,0.054945054945054944
1314,-34.0,28,1,3,0.42857142857142855,0.10714285714285714
1315,-236.0,200,0,4,0.06,0.02
1316,-119.0,113,1,3,0.10619469026548672,0.02654867256637168
1317,-27.0,48,1,0,0.25,0.0
1318,-28.0,31,1,2,0.3870967741935484,0.06451612903225806
1319,-89.0,92,1,2,0.13043478260869565,0.021739130434782608
1320,-49.0,61,1,1,0.19672131147540983,0.01639344262295082
1321,-115.0,100,1,4,0.12,0.04
1322,2.0,19,1,0,0.631578947368421,0.0
1323,14.0,7,1,0,1.0,0.0
1324,-96.0,99,1,2,0.12121212121212122,0.020202020202020204
1325,13.0,8,1,0,1.0,0.0
1326,-218.0,200,0,2,0.06,0.01
1327,-77.0,98,1,0,0.12244897959183673,0.0
1328,1.0,11,1,1,1.0,0.09090909090909091
1329,-92.0,86,1,3,0.13953488372093023,0.03488372093023256
1330,-106.0,91,1,4,0.13186813186813187,0.04395604395604396
1331,13.0,8,1,0,1.0,0.0
1332,-206.0,137,1,10,0.08759124087591241,0.072992700729927
1333,-131.0,134,1,2,0.08955223880597014,0.014925373134328358
1334,-6.0,27,1,0,0.4444444444444444,0.0
1335,-4.0,25,1,0,0.48,0.0
1336,-14.0,26,1,1,0.46153846153846156,0.038461538461538464
1337,-13.0,34,1,0,0.35294117647058826,0.0
1338,-67.0,79,1,1,0.1518987341772152,0.012658227848101266
1339,-160.0,163,1,2,0.0736196319018405,0.012269938650306749
1340,-119.0,140,1,0,0.08571428571428572,0.0
1341,-16.0,37,1,0,0.32432432432432434,0.0
1342,12.0,9,1,0,1.0,0.0
1343,-23.0,44,1,0,0.2727272727272727,0.0
1344,-96.0,81,1,4,0.14814814814814814,0.04938271604938271
1345,-245.0,200,0,5,0.06,0.025
1346,-55.0,67,1,1,0.1791044776119403,0.014925373134328358
1347,-13.0,34,1,0,0.35294117647058826,0.0
1348,-158.0,116,1,7,0.10344827586206896,0.0603448275862069
1349,-152.0,155,1,2,0.07741935483870968,0.012903225806451613
1350,-290.0,200,0,10,0.06,0.05
1351,-263.0,176,1,12,0.06818181818181818,0.06818181818181818
1352,-16.0,19,1,2,0.631578947368421,0.10526315789473684
1353,-299.0,200,0,11,0.06,0.055
1354,-7.0,28,1,0,0.42857142857142855,0.0
1355,-263.0,200,0,7,0.06,0.035
1356,-156.0,132,1,5,0.09090909090909091,0.03787878787878788
1357,-73.0,85,1,1,0.1411764705882353,0.011764705882352941
1358,4.0,17,1,0,0.7058823529411765,0.0
1359,5.0,16,1,0,0.75,0.0
1360,-20.0,32,1,1,0.375,0.03125
1361,-8.0,29,1,0,0.41379310344827586,0.0
1362,-178.0,163,1,4,0.0736196319018405,0.024539877300613498
1363,-52.0,73,1,0,0.1643835616438356,0.0
1364,-131.0,89,1,7,0.1348314606741573,0.07865168539325842
1365,-87.0,72,1,4,0.16666666666666666,0.05555555555555555
1366,2.0,19,1,0,0.631578947368421,0.0
1367,-254.0,140,1,15,0.08571428571428572,0.10714285714285714
1368,-17.0,20,1,2,0.6,0.1
1369,-291.0,159,1,17,0.07547169811320754,0.1069182389937107
1370,-67.0,52,1,4,0.23076923076923078,0.07692307692307693
1371,-213.0,171,1,7,0.07017543859649122,0.04093567251461988
1372,-233.0,155,1,11,0.07741935483870968,0.07096774193548387
1373,-53.0,38,1,4,0.3157894736842105,0.10526315789473684
1374,-26.0,47,1,0,0.2553191489361702,0.0
1375,-326.0,200,0,14,0.06,0.07
1376,-48.0,60,1,1,0.2,0.016666666666666666
1377,-389.0,200,0,21,0.06,0.105
1378,11.0,10,1,0,1.0,0.0
1379,-151.0,127,1,5,0.09448818897637795,0.03937007874015748
1380,0.0,21,1,0,0.5714285714285714,0.0
1381,-45.0,57,1,1,0.21052631578947367,0.017543859649122806
1382,-70.0,82,1,1,0.14634146341463414,0.012195121951219513
1383,-90.0,102,1,1,0.11764705882352941,0.00980392156862745
1384,-254.0,200,0,6,0.06,0.03
1385,11.0,10,1,0,1.0,0.0
1386,-227.0,200,0,3,0.06,0.015
1387,-6.0,27,1,0,0.4444444444444444,0.0
1388,-54.0,75,1,0,0.16,0.0
1389,1.0,20,1,0,0.6,0.0
1390,-56.0,68,1,1,0.17647058823529413,0.014705882352941176
1391,-47.0,50,1,2,0.24,0.04
1392,14.0,7,1,0,1.0,0.0
1393,-187.0,127,1,9,0.09448818897637795,0.07086614173228346
1394,-76.0,79,1,2,0.1518987341772152,0.02531645569620253
1395,8.0,13,1,0,0.9230769230769231,0.0
1396,-11.0,32,1,0,0.375,0.0
1397,12.0,9,1,0,1.0,0.0
1398,7.0,14,1,0,0.8571428571428571,0.0
1399,-115.0,73,1,7,0.1643835616438356,0.0958904109589041
1400,14.0,7,1,0,1.0,0.0
1401,-90.0,93,1,2,0.12903225806451613,0.021505376344086023
1402,11.0,10,1,0,1.0,0.0
1403,1.0,11,1,1,1.0,0.09090909090909091
1404,-10.0,31,1,0,0.3870967741935484,0.0
1405,-157.0,169,1,1,0.07100591715976332,0.005917159763313609
1406,-188.0,173,1,4,0.06936416184971098,0.023121387283236993
1407,-23.0,35,1,1,0.34285714285714286,0.02857142857142857
1408,2.0,19,1,0,0.631578947368421,0.0
1409,8.0,13,1,0,0.9230769230769231,0.0
1410,-55.0,67,1,1,0.1791044776119403,0.014925373134328358
1411,-134.0,92,1,7,0.13043478260869565,0.07608695652173914
1412,-114.0,117,1,2,0.10256410256410256,0.017094017094017096
1413,-35.0,38,1,2,0.3157894736842105,0.05263157894736842
1414,-93.0,96,1,2,0.125,0.020833333333333332
1415,-51.0,72,1,0,0.16666666666666666,0.0
1416,-389.0,200,0,21,0.06,0.105
1417,-75.0,96,1,0,0.125,0.0
1418,-75.0,87,1,1,0.13793103448275862,0.011494252873563218
1419,-135.0,138,1,2,0.08695652173913043,0.014492753623188406
1420,-105.0,108,1,2,0.1111111111111111,0.018518518518518517
1421,-122.0,125,1,2,0.096,0.016
1422,-203.0,125,1,11,0.096,0.088
1423,-40.0,61,1,0,0.19672131147540983,0.0
1424,-21.0,42,1,0,0.2857142857142857,0.0
1425,-236.0,200,0,4,0.06,0.02
1426,-380.0,200,0,20,0.06,0.1
1427,-159.0,99,1,9,0.12121212121212122,0.09090909090909091
1428,-225.0,111,1,15,0.10810810810810811,0.13513513513513514
1429,-256.0,196,1,9,0.061224489795918366,0.04591836734693878
1430,-14.0,35,1,0,0.34285714285714286,0.0
1431,-227.0,200,0,3,0.06,0.015
1432,8.0,13,1,0,0.9230769230769231,0.0
1433,-82.0,76,1,3,0.15789473684210525,0.039473684210526314
1434,-163.0,148,1,4,0.08108108108108109,0.02702702702702703
1435,-122.0,98,1,5,0.12244897959183673,0.05102040816326531
1436,7.0,14,1,0,0.8571428571428571,0.0
1437,5.0,16,1,0,0.75,0.0
1438,-227.0,200,0,3,0.06,0.015
1439,14.0,7,1,0,1.0,0.0
1440,-200.0,200,0,0,0.06,0.0
1441,-8.0,29,1,0,0.41379310344827586,0.0
1442,-21.0,33,1,1,0.36363636363636365,0.030303030303030304
1443,-108.0,120,1,1,0.1,0.008333333333333333
1444,-52.0,73,1,0,0.1643835616438356,0.0
1445,-31.0,43,1,1,0.27906976744186046,0.023255813953488372
1446,-101.0,104,1,2,0.11538461538461539,0.019230769230769232
1447,10.0,11,1,0,1.0,0.0
1448,-261.0,156,1,14,0.07692307692307693,0.08974358974358974
1449,-77.0,62,1,4,0.1935483870967742,0.06451612903225806
1450,-41.0,35,1,3,0.34285714285714286,0.08571428571428572
1451,-180.0,120,1,9,0.1,0.075
1452,-2.0,14,1,1,0.8571428571428571,0.07142857142857142
1453,13.0,8,1,0,1.0,0.0
1454,-75.0,87,1,1,0.13793103448275862,0.011494252873563218
1455,-29.0,41,1,1,0.2926829268292683,0.024390243902439025
1456,-218.0,200,0,2,0.06,0.01
1457,-209.0,200,0,1,0.06,0.005
1458,-11.0,32,1,0,0.375,0.0
1459,-131.0,134,1,2,0.08955223880597014,0.014925373134328358
1460,-23.0,26,1,2,0.46153846153846156,0.07692307692307693
1461,-27.0,39,1,1,0.3076923076923077,0.02564102564102564
1462,-70.0,91,1,0,0.13186813186813187,0.0
1463,2.0,19,1,0,0.631578947368421,0.0
1464,-130.0,124,1,3,0.0967741935483871,0.024193548387096774
1465,-199.0,121,1,11,0.09917355371900827,0.09090909090909091
1466,-16.0,28,1,1,0.42857142857142855,0.03571428571428571
1467,-61.0,82,1,0,0.14634146341463414,0.0
1468,-150.0,153,1,2,0.0784313725490196,0.013071895424836602
1469,-209.0,200,0,1,0.06,0.005
1470,-70.0,64,1,3,0.1875,0.046875
1471,-19.0,40,1,0,0.3,0.0
1472,-33.0,54,1,0,0.2222222222222222,0.0
1473,-21.0,33,1,1,0.36363636363636365,0.030303030303030304
1474,13.0,8,1,0,1.0,0.0
1475,-64.0,49,1,4,0.24489795918367346,0.08163265306122448
1476,-114.0,108,1,3,0.1111111111111111,0.027777777777777776
1477,-93.0,114,1,0,0.10526315789473684,0.0
1478,-22.0,34,1,1,0.35294117647058826,0.029411764705882353
1479,-152.0,128,1,5,0.09375,0.0390625
1480,-284.0,152,1,17,0.07894736842105263,0.1118421052631579
1481,-218.0,200,0,2,0.06,0.01
1482,-67.0,70,1,2,0.17142857142857143,0.02857142857142857
1483,-17.0,38,1,0,0.3157894736842105,0.0
1484,-56.0,41,1,4,0.2926829268292683,0.0975609756097561
1485,15.0,6,1,0,1.0,0.0
1486,-58.0,79,1,0,0.1518987341772152,0.0
1487,-41.0,35,1,3,0.34285714285714286,0.08571428571428572
1488,-28.0,49,1,0,0.24489795918367346,0.0
1489,-17.0,29,1,1,0.41379310344827586,0.034482758620689655
1490,-227.0,200,0,3,0.06,0.015
1491,-53.0,65,1,1,0.18461538461538463,0.015384615384615385
1492,-209.0,200,0,1,0.06,0.005
1493,-326.0,200,0,14,0.06,0.07
1494,-2.0,23,1,0,0.5217391304347826,0.0
1495,14.0,7,1,0,1.0,0.0
1496,-231.0,162,1,10,0.07407407407407407,0.06172839506172839
1497,-94.0,88,1,3,0.13636363636363635,0.03409090909090909
1498,-98.0,92,1,3,0.13043478260869565,0.03260869565217391
1499,-185.0,170,1,4,0.07058823529411765,0.023529411764705882
1500,-110.0,68,1,7,0.17647058823529413,0.10294117647058823
1501,-17.0,38,1,0,0.3157894736842105,0.0
1502,-55.0,67,1,1,0.1791044776119403,0.014925373134328358
1503,-260.0,200,1,9,0.06,0.045
1504,-17.0,38,1,0,0.3157894736842105,0.0
1505,-46.0,67,1,0,0.1791044776119403,0.0
1506,14.0,7,1,0,1.0,0.0
1507,3.0,18,1,0,0.6666666666666666,0.0
1508,-67.0,88,1,0,0.13636363636363635,0.0
1509,10.0,11,1,0,1.0,0.0
1510,14.0,7,1,0,1.0,0.0
1511,-68.0,44,1,5,0.2727272727272727,0.11363636363636363
1512,-245.0,200,0,5,0.06,0.025
1513,-13.0,34,1,0,0.35294117647058826,0.0
1514,-209.0,200,0,1,0.06,0.005
1515,-1.0,22,1,0,0.5454545454545454,0.0
1516,-100.0,103,1,2,0.11650485436893204,0.019417475728155338
1517,-14.0,35,1,0,0.34285714285714286,0.0
1518,9.0,12,1,0,1.0,0.0
1519,-291.0,168,1,16,0.07142857142857142,0.09523809523809523
1520,-31.0,52,1,0,0.23076923076923078,0.0
1521,-104.0,89,1,4,0.1348314606741573,0.0449438202247191
1522,-19.0,40,1,0,0.3,0.0
1523,-170.0,137,1,6,0.08759124087591241,0.043795620437956206
1524,-156.0,150,1,3,0.08,0.02
1525,-22.0,43,1,0,0.27906976744186046,0.0
1526,-55.0,67,1,1,0.1791044776119403,0.014925373134328358
1527,-64.0,76,1,1,0.15789473684210525,0.013157894736842105
1528,-106.0,91,1,4,0.13186813186813187,0.04395604395604396
1529,13.0,8,1,0,1.0,0.0
1530,-41.0,53,1,1,0.22641509433962265,0.018867924528301886
1531,-84.0,87,1,2,0.13793103448275862,0.022988505747126436
1532,12.0,9,1,0,1.0,0.0
1533,15.0,6,1,0,1.0,0.0
1534,-47.0,59,1,1,0.2033898305084746,0.01694915254237288
1535,-91.0,103,1,1,0.11650485436893204,0.009708737864077669
1536,-142.0,145,1,2,0.08275862068965517,0.013793103448275862
1537,13.0,8,1,0,1.0,0.0
1538,-194.0,89,1,14,0.1348314606741573,0.15730337078651685
1539,-218.0,200,0,2,0.06,0.01
1540,-5.0,26,1,0,0.46153846153846156,0.0
1541,9.0,12,1,0,1.0,0.0
1542,-87.0,81,1,3,0.14814814814814814,0.037037037037037035
1543,-164.0,140,1,5,0.08571428571428572,0.03571428571428571
1544,4.0,17,1,0,0.7058823529411765,0.0
1545,-77.0,98,1,0,0.12244897959183673,0.0
1546,-25.0,37,1,1,0.32432432432432434,0.02702702702702703
1547,-61.0,82,1,0,0.14634146341463414,0.0
1548,-44.0,56,1,1,0.21428571428571427,0.017857142857142856
1549,-64.0,85,1,0,0.1411764705882353,0.0
1550,1.0,11,1,1,1.0,0.09090909090909091
1551,-5.0,26,1,0,0.46153846153846156,0.0
1552,-126.0,93,1,6,0.12903225806451613,0.06451612903225806
1553,-38.0,59,1,0,0.2033898305084746,0.0
1554,-22.0,43,1,0,0.27906976744186046,0.0
1555,-200.0,131,1,10,0.0916030534351145,0.07633587786259542
1556,-209.0,200,0,1,0.06,0.005
1557,-79.0,100,1,0,0.12,0.0
1558,9.0,12,1,0,1.0,0.0
1559,-84.0,87,1,2,0.13793103448275862,0.022988505747126436
1560,-169.0,172,1,2,0.06976744186046512,0.011627906976744186
1561,-1.0,22,1,0,0.5454545454545454,0.0
1562,-200.0,113,1,12,0.10619469026548672,0.10619469026548672
1563,-35.0,38,1,2,0.3157894736842105,0.05263157894736842
1564,13.0,8,1,0,1.0,0.0
1565,10.0,11,1,0,1.0,0.0
1566,-208.0,94,1,15,0.1276595744680851,0.1595744680851064
1567,-72.0,93,1,0,0.12903225806451613,0.0
1568,-34.0,55,1,0,0.21818181818181817,0.0
1569,-34.0,55,1,0,0.21818181818181817,0.0
1570,15.0,6,1,0,1.0,0.0
1571,7.0,14,1,0,0.8571428571428571,0.0
1572,-209.0,167,1,7,0.0718562874251497,0.041916167664670656
1573,-149.0,134,1,4,0.08955223880597014,0.029850746268656716
1574,-73.0,85,1,1,0.1411764705882353,0.011764705882352941
1575,-30.0,42,1,1,0.2857142857142857,0.023809523809523808
1576,-236.0,200,0,4,0.06,0.02
1577,-73.0,85,1,1,0.1411764705882353,0.011764705882352941
1578,-67.0,79,1,1,0.1518987341772152,0.012658227848101266
1579,-278.0,191,1,12,0.06282722513089005,0.06282722513089005
1580,-393.0,189,1,25,0.06349206349206349,0.13227513227513227
1581,-162.0,93,1,10,0.12903225806451613,0.10752688172043011
1582,-190.0,130,1,9,0.09230769230769231,0.06923076923076923
1583,-87.0,81,1,3,0.14814814814814814,0.037037037037037035
1584,-67.0,79,1,1,0.1518987341772152,0.012658227848101266
1585,-362.0,200,0,18,0.06,0.09
1586,-14.0,35,1,0,0.34285714285714286,0.0
1587,1.0,11,1,1,1.0,0.09090909090909091
1588,14.0,7,1,0,1.0,0.0
1589,13.0,8,1,0,1.0,0.0
1590,-205.0,172,1,6,0.06976744186046512,0.03488372093023256
1591,12.0,9,1,0,1.0,0.0
1592,-168.0,189,1,0,0.06349206349206349,0.0
1593,-13.0,34,1,0,0.35294117647058826,0.0
1594,-109.0,85,1,5,0.1411764705882353,0.058823529411764705
1595,13.0,8,1,0,1.0,0.0
1596,-12.0,33,1,0,0.36363636363636365,0.0
1597,10.0,11,1,0,1.0,0.0
1598,13.0,8,1,0,1.0,0.0
1599,-26.0,47,1,0,0.2553191489361702,0.0
1600,-86.0,98,1,1,0.12244897959183673,0.01020408163265306
1601,-4.0,25,1,0,0.48,0.0
1602,-15.0,36,1,0,0.3333333333333333,0.0
1603,-7.0,19,1,1,0.631578947368421,0.05263157894736842
1604,-10.0,31,1,0,0.3870967741935484,0.0
1605,-46.0,58,1,1,0.20689655172413793,0.017241379310344827
1606,-94.0,88,1,3,0.13636363636363635,0.03409090909090909
1607,-39.0,33,1,3,0.36363636363636365,0.09090909090909091
1608,-88.0,91,1,2,0.13186813186813187,0.02197802197802198
1609,-45.0,66,1,0,0.18181818181818182,0.0
1610,-245.0,200,0,5,0.06,0.025
1611,11.0,10,1,0,1.0,0.0
1612,-53.0,56,1,2,0.21428571428571427,0.03571428571428571
1613,-147.0,141,1,3,0.0851063829787234,0.02127659574468085
1614,-23.0,35,1,1,0.34285714285714286,0.02857142857142857
1615,-60.0,72,1,1,0.16666666666666666,0.013888888888888888
1616,-26.0,29,1,2,0.41379310344827586,0.06896551724137931
1617,0.0,12,1,1,1.0,0.08333333333333333
1618,-37.0,58,1,0,0.20689655172413793,0.0
1619,-4.0,16,1,1,0.75,0.0625
1620,-371.0,200,0,19,0.06,0.095
1621,-137.0,140,1,2,0.08571428571428572,0.014285714285714285
1622,-59.0,44,1,4,0.2727272727272727,0.09090909090909091
1623,-19.0,31,1,1,0.3870967741935484,0.03225806451612903
1624,-5.0,26,1,0,0.46153846153846156,0.0
1625,-96.0,81,1,4,0.14814814814814814,0.04938271604938271
1626,-20.0,41,1,0,0.2926829268292683,0.0
1627,-8.0,29,1,0,0.41379310344827586,0.0
1628,8.0,13,1,0,0.9230769230769231,0.0
1629,-84.0,42,1,7,0.2857142857142857,0.16666666666666666
1630,-159.0,144,1,4,0.08333333333333333,0.027777777777777776
1631,-147.0,87,1,9,0.13793103448275862,0.10344827586206896
1632,-133.0,100,1,6,0.12,0.06
1633,10.0,11,1,0,1.0,0.0
1634,-148.0,106,1,7,0.11320754716981132,0.0660377358490566
1635,-533.0,200,0,37,0.06,0.185
1636,-100.0,94,1,3,0.1276595744680851,0.031914893617021274
1637,-48.0,51,1,2,0.23529411764705882,0.0392156862745098
1638,14.0,7,1,0,1.0,0.0
1639,-25.0,37,1,1,0.32432432432432434,0.02702702702702703
1640,12.0,9,1,0,1.0,0.0
1641,11.0,10,1,0,1.0,0.0
1642,-209.0,200,0,1,0.06,0.005
1643,12.0,9,1,0,1.0,0.0
1644,4.0,17,1,0,0.7058823529411765,0.0
1645,-209.0,200,0,1,0.06,0.005
1646,0.0,12,1,1,1.0,0.08333333333333333
1647,-51.0,72,1,0,0.16666666666666666,0.0
1648,-7.0,28,1,0,0.42857142857142855,0.0
1649,11.0,10,1,0,1.0,0.0
1650,-82.0,85,1,2,0.1411764705882353,0.023529411764705882
1651,-137.0,113,1,5,0.10619469026548672,0.04424778761061947
1652,-37.0,58,1,0,0.20689655172413793,0.0
1653,-66.0,87,1,0,0.13793103448275862,0.0
1654,-115.0,73,1,7,0.1643835616438356,0.0958904109589041
1655,-41.0,62,1,0,0.1935483870967742,0.0
1656,8.0,13,1,0,0.9230769230769231,0.0
1657,10.0,11,1,0,1.0,0.0
1658,-118.0,103,1,4,0.11650485436893204,0.038834951456310676
1659,-17.0,38,1,0,0.3157894736842105,0.0
1660,-110.0,131,1,0,0.0916030534351145,0.0
1661,-161.0,155,1,3,0.07741935483870968,0.01935483870967742
1662,-7.0,19,1,1,0.631578947368421,0.05263157894736842
1663,13.0,8,1,0,1.0,0.0
1664,4.0,17,1,0,0.7058823529411765,0.0
1665,-25.0,46,1,0,0.2608695652173913,0.0
1666,-43.0,55,1,1,0.21818181818181817,0.01818181818181818
1667,-69.0,90,1,0,0.13333333333333333,0.0
1668,-84.0,96,1,1,0.125,0.010416666666666666
1669,-6.0,27,1,0,0.4444444444444444,0.0
1670,-62.0,74,1,1,0.16216216216216217,0.013513513513513514
1671,-212.0,188,1,5,0.06382978723404255,0.026595744680851064
1672,-118.0,85,1,6,0.1411764705882353,0.07058823529411765
1673,-19.0,31,1,1,0.3870967741935484,0.03225806451612903
1674,-78.0,72,1,3,0.16666666666666666,0.041666666666666664
1675,-12.0,33,1,0,0.36363636363636365,0.0
1676,11.0,10,1,0,1.0,0.0
1677,11.0,10,1,0,1.0,0.0
1678,-2.0,23,1,0,0.5217391304347826,0.0
1679,-26.0,38,1,1,0.3157894736842105,0.02631578947368421
1680,-20.0,32,1,1,0.375,0.03125
1681,-1.0,22,1,0,0.5454545454545454,0.0
1682,-353.0,200,0,17,0.06,0.085
1683,-22.0,34,1,1,0.35294117647058826,0.029411764705882353
1684,-263.0,200,0,7,0.06,0.035
1685,-69.0,81,1,1,0.14814814814814814,0.012345679012345678
1686,-31.0,43,1,1,0.27906976744186046,0.023255813953488372
1687,-80.0,83,1,2,0.14457831325301204,0.024096385542168676
1688,4.0,17,1,0,0.7058823529411765,0.0
1689,-19.0,40,1,0,0.3,0.0
1690,-36.0,48,1,1,0.25,0.020833333333333332
1691,10.0,11,1,0,1.0,0.0
1692,4.0,17,1,0,0.7058823529411765,0.0
1693,14.0,7,1,0,1.0,0.0
1694,7.0,14,1,0,0.8571428571428571,0.0
1695,-3.0,24,1,0,0.5,0.0
1696,-317.0,200,0,13,0.06,0.065
1697,-434.0,200,0,26,0.06,0.13
1698,-23.0,44,1,0,0.2727272727272727,0.0
1699,-335.0,200,0,15,0.06,0.075
1700,-173.0,113,1,9,0.10619469026548672,0.07964601769911504
1701,-344.0,200,0,16,0.06,0.08
1702,-443.0,200,0,27,0.06,0.135
1703,-37.0,40,1,2,0.3,0.05
1704,-27.0,48,1,0,0.25,0.0
1705,-116.0,110,1,3,0.10909090909090909,0.02727272727272727
1706,1.0,20,1,0,0.6,0.0
1707,-227.0,158,1,10,0.0759493670886076,0.06329113924050633
1708,-166.0,169,1,2,0.07100591715976332,0.011834319526627219
1709,-84.0,96,1,1,0.125,0.010416666666666666
1710,-434.0,200,0,26,0.06,0.13
1711,-45.0,57,1,1,0.21052631578947367,0.017543859649122806
1712,-99.0,111,1,1,0.10810810810810811,0.009009009009009009
1713,-189.0,138,1,8,0.08695652173913043,0.057971014492753624
1714,15.0,6,1,0,1.0,0.0
1715,10.0,11,1,0,1.0,0.0
1716,14.0,7,1,0,1.0,0.0
1717,-172.0,121,1,8,0.09917355371900827,0.06611570247933884
1718,-1.0,22,1,0,0.5454545454545454,0.0
1719,-12.0,33,1,0,0.36363636363636365,0.0
1720,-195.0,117,1,11,0.10256410256410256,0.09401709401709402
1721,-8.0,29,1,0,0.41379310344827586,0.0
1722,-425.0,200,0,25,0.06,0.125
1723,-14.0,35,1,0,0.34285714285714286,0.0
1724,11.0,10,1,0,1.0,0.0
1725,-326.0,200,0,14,0.06,0.07
1726,-82.0,58,1,5,0.20689655172413793,0.08620689655172414
1727,-17.0,29,1,1,0.41379310344827586,0.034482758620689655
1728,-79.0,64,1,4,0.1875,0.0625
1729,-317.0,200,0,13,0.06,0.065
1730,-180.0,147,1,6,0.08163265306122448,0.04081632653061224
1731,-112.0,124,1,1,0.0967741935483871,0.008064516129032258
1732,-20.0,23,1,2,0.5217391304347826,0.08695652173913043
1733,-43.0,55,1,1,0.21818181818181817,0.01818181818181818
1734,10.0,11,1,0,1.0,0.0
1735,-132.0,81,1,8,0.14814814814814814,0.09876543209876543
1736,-205.0,154,1,8,0.07792207792207792,0.05194805194805195
1737,2.0,19,1,0,0.631578947368421,0.0
1738,11.0,10,1,0,1.0,0.0
1739,-92.0,95,1,2,0.12631578947368421,0.021052631578947368
1740,8.0,13,1,0,0.9230769230769231,0.0
1741,-8.0,20,1,1,0.6,0.05
1742,-12.0,24,1,1,0.5,0.041666666666666664
1743,13.0,8,1,0,1.0,0.0
1744,-14.0,26,1,1,0.46153846153846156,0.038461538461538464
1745,4.0,17,1,0,0.7058823529411765,0.0
1746,-353.0,200,0,17,0.06,0.085
1747,-47.0,59,1,1,0.2033898305084746,0.01694915254237288
1748,-31.0,43,1,1,0.27906976744186046,0.023255813953488372
1749,-227.0,200,0,3,0.06,0.015
1750,-120.0,105,1,4,0.11428571428571428,0.0380952380952381
1751,-12.0,33,1,0,0.36363636363636365,0.0
1752,-32.0,44,1,1,0.2727272727272727,0.022727272727272728
1753,4.0,17,1,0,0.7058823529411765,0.0
1754,-317.0,200,0,13,0.06,0.065
1755,-162.0,84,1,11,0.14285714285714285,0.13095238095238096
1756,-155.0,131,1,5,0.0916030534351145,0.03816793893129771
1757,-206.0,164,1,7,0.07317073170731707,0.042682926829268296
1758,0.0,21,1,0,0.5714285714285714,0.0
1759,-115.0,109,1,3,0.11009174311926606,0.027522935779816515
1760,-41.0,35,1,3,0.34285714285714286,0.08571428571428572
1761,-80.0,83,1,2,0.14457831325301204,0.024096385542168676
1762,3.0,18,1,0,0.6666666666666666,0.0
1763,-38.0,59,1,0,0.2033898305084746,0.0
1764,-32.0,44,1,1,0.2727272727272727,0.022727272727272728
1765,13.0,8,1,0,1.0,0.0
1766,-17.0,29,1,1,0.41379310344827586,0.034482758620689655
1767,-14.0,35,1,0,0.34285714285714286,0.0
1768,-227.0,200,0,3,0.06,0.015
1769,-1.0,22,1,0,0.5454545454545454,0.0
1770,-149.0,71,1,11,0.16901408450704225,0.15492957746478872
1771,-7.0,28,1,0,0.42857142857142855,0.0
1772,-122.0,134,1,1,0.08955223880597014,0.007462686567164179
1773,4.0,17,1,0,0.7058823529411765,0.0
1774,-56.0,59,1,2,0.2033898305084746,0.03389830508474576
1775,-77.0,71,1,3,0.16901408450704225,0.04225352112676056
1776,-7.0,28,1,0,0.42857142857142855,0.0
1777,-34.0,46,1,1,0.2608695652173913,0.021739130434782608
1778,-54.0,48,1,3,0.25,0.0625
1779,-24.0,45,1,0,0.26666666666666666,0.0
1780,-110.0,122,1,1,0.09836065573770492,0.00819672131147541
1781,13.0,8,1,0,1.0,0.0
1782,1.0,20,1,0,0.6,0.0
1783,-35.0,47,1,1,0.2553191489361702,0.02127659574468085
1784,-26.0,38,1,1,0.3157894736842105,0.02631578947368421
1785,-57.0,69,1,1,0.17391304347826086,0.014492753623188406
1786,-44.0,47,1,2,0.2553191489361702,0.0425531914893617
1787,10.0,11,1,0,1.0,0.0
1788,9.0,12,1,0,1.0,0.0
1789,-38.0,59,1,0,0.2033898305084746,0.0
1790,11.0,10,1,0,1.0,0.0
1791,-212.0,161,1,8,0.07453416149068323,0.049689440993788817
1792,-327.0,150,1,22,0.08,0.14666666666666667
1793,2.0,19,1,0,0.631578947368421,0.0
1794,-99.0,102,1,2,0.11764705882352941,0.0196078431372549
1795,12.0,9,1,0,1.0,0.0
1796,12.0,9,1,0,1.0,0.0
1797,-41.0,62,1,0,0.1935483870967742,0.0
1798,-49.0,34,1,4,0.35294117647058826,0.11764705882352941
1799,-2.0,23,1,0,0.5217391304347826,0.0
1800,-44.0,29,1,4,0.41379310344827586,0.13793103448275862
1801,-201.0,150,1,8,0.08,0.05333333333333334
1802,14.0,7,1,0,1.0,0.0
1803,-63.0,57,1,3,0.21052631578947367,0.05263157894736842
1804,-110.0,122,1,1,0.09836065573770492,0.00819672131147541
1805,-11.0,32,1,0,0.375,0.0
1806,-81.0,66,1,4,0.18181818181818182,0.06060606060606061
1807,-102.0,123,1,0,0.0975609756097561,0.0
1808,-77.0,53,1,5,0.22641509433962265,0.09433962264150944
1809,-282.0,132,1,19,0.09090909090909091,0.14393939393939395
1810,-30.0,51,1,0,0.23529411764705882,0.0
1811,-82.0,49,1,6,0.24489795918367346,0.12244897959183673
1812,-34.0,46,1,1,0.2608695652173913,0.021739130434782608
1813,-273.0,141,1,17,0.0851063829787234,0.12056737588652482
1814,-44.0,56,1,1,0.21428571428571427,0.017857142857142856
1815,-199.0,130,1,10,0.09230769230769231,0.07692307692307693
1816,-95.0,89,1,3,0.1348314606741573,0.033707865168539325
1817,-199.0,175,1,5,0.06857142857142857,0.02857142857142857
1818,-21.0,24,1,2,0.5,0.08333333333333333
1819,11.0,10,1,0,1.0,0.0
1820,14.0,7,1,0,1.0,0.0
1821,-44.0,38,1,3,0.3157894736842105,0.07894736842105263
1822,-13.0,25,1,1,0.48,0.04
1823,-148.0,106,1,7,0.11320754716981132,0.0660377358490566
1824,11.0,10,1,0,1.0,0.0
1825,-101.0,95,1,3,0.12631578947368421,0.031578947368421054
1826,-273.0,195,1,11,0.06153846153846154,0.05641025641025641
1827,-116.0,128,1,1,0.09375,0.0078125
1828,5.0,16,1,0,0.75,0.0
1829,-86.0,89,1,2,0.1348314606741573,0.02247191011235955
1830,-3.0,15,1,1,0.8,0.06666666666666667
1831,-52.0,73,1,0,0.1643835616438356,0.0
1832,-58.0,61,1,2,0.19672131147540983,0.03278688524590164
1833,-245.0,200,0,5,0.06,0.025
1834,10.0,11,1,0,1.0,0.0
1835,-86.0,71,1,4,0.16901408450704225,0.056338028169014086
1836,-85.0,88,1,2,0.13636363636363635,0.022727272727272728
1837,10.0,11,1,0,1.0,0.0
1838,-13.0,16,1,2,0.75,0.125
1839,-65.0,68,1,2,0.17647058823529413,0.029411764705882353
1840,8.0,13,1,0,0.9230769230769231,0.0
1841,-132.0,126,1,3,0.09523809523809523,0.023809523809523808
1842,14.0,7,1,0,1.0,0.0
1843,-59.0,71,1,1,0.16901408450704225,0.014084507042253521
1844,-113.0,89,1,5,0.1348314606741573,0.056179775280898875
1845,-86.0,98,1,1,0.12244897959183673,0.01020408163265306
1846,-16.0,28,1,1,0.42857142857142855,0.03571428571428571
1847,-28.0,40,1,1,0.3,0.025
1848,-29.0,41,1,1,0.2926829268292683,0.024390243902439025
1849,7.0,14,1,0,0.8571428571428571,0.0
1850,-74.0,77,1,2,0.15584415584415584,0.025974025974025976
1851,-9.0,30,1,0,0.4,0.0
1852,-150.0,126,1,5,0.09523809523809523,0.03968253968253968
1853,9.0,12,1,0,1.0,0.0
1854,-53.0,47,1,3,0.2553191489361702,0.06382978723404255
1855,12.0,9,1,0,1.0,0.0
1856,-25.0,46,1,0,0.2608695652173913,0.0
1857,-31.0,43,1,1,0.27906976744186046,0.023255813953488372
1858,4.0,17,1,0,0.7058823529411765,0.0
1859,-36.0,48,1,1,0.25,0.020833333333333332
1860,-3.0,24,1,0,0.5,0.0
1861,-19.0,40,1,0,0.3,0.0
1862,-36.0,48,1,1,0.25,0.020833333333333332
1863,9.0,12,1,0,1.0,0.0
1864,-299.0,200,0,11,0.06,0.055
1865,-5.0,26,1,0,0.46153846153846156,0.0
1866,-91.0,67,1,5,0.1791044776119403,0.07462686567164178
1867,-69.0,90,1,0,0.13333333333333333,0.0
1868,-72.0,75,1,2,0.16,0.02666666666666667
1869,-85.0,79,1,3,0.1518987341772152,0.0379746835443038
1870,-51.0,63,1,1,0.19047619047619047,0.015873015873015872
1871,-112.0,124,1,1,0.0967741935483871,0.008064516129032258
1872,3.0,18,1,0,0.6666666666666666,0.0
1873,-33.0,36,1,2,0.3333333333333333,0.05555555555555555
1874,1.0,11,1,1,1.0,0.09090909090909091
1875,-26.0,47,1,0,0.2553191489361702,0.0
1876,-64.0,85,1,0,0.1411764705882353,0.0
1877,-85.0,61,1,5,0.19672131147540983,0.08196721311475409
1878,-38.0,50,1,1,0.24,0.02
1879,-152.0,74,1,11,0.16216216216216217,0.14864864864864866
1880,-1.0,22,1,0,0.5454545454545454,0.0
1881,10.0,11,1,0,1.0,0.0
1882,4.0,17,1,0,0.7058823529411765,0.0
1883,-192.0,168,1,5,0.07142857142857142,0.02976190476190476
1884,-425.0,200,0,25,0.06,0.125
1885,-131.0,116,1,4,0.10344827586206896,0.034482758620689655
1886,4.0,17,1,0,0.7058823529411765,0.0
1887,-77.0,89,1,1,0.1348314606741573,0.011235955056179775
1888,-40.0,52,1,1,0.23076923076923078,0.019230769230769232
1889,-89.0,101,1,1,0.1188118811881188,0.009900990099009901
1890,12.0,9,1,0,1.0,0.0
1891,-48.0,60,1,1,0.2,0.016666666666666666
1892,-77.0,89,1,1,0.1348314606741573,0.011235955056179775
1893,-48.0,60,1,1,0.2,0.016666666666666666
1894,9.0,12,1,0,1.0,0.0
1895,-17.0,38,1,0,0.3157894736842105,0.0
1896,1.0,20,1,0,0.6,0.0
1897,-59.0,71,1,1,0.16901408450704225,0.014084507042253521
1898,-6.0,18,1,1,0.6666666666666666,0.05555555555555555
1899,11.0,10,1,0,1.0,0.0
1900,8.0,13,1,0,0.9230769230769231,0.0
1901,-109.0,94,1,4,0.1276595744680851,0.0425531914893617
1902,-17.0,38,1,0,0.3157894736842105,0.0
1903,-17.0,38,1,0,0.3157894736842105,0.0
1904,-14.0,35,1,0,0.34285714285714286,0.0
1905,-18.0,39,1,0,0.3076923076923077,0.0
1906,-102.0,105,1,2,0.11428571428571428,0.01904761904761905
1907,-227.0,200,0,3,0.06,0.015
1908,-179.0,173,1,3,0.06936416184971098,0.017341040462427744
1909,1.0,20,1,0,0.6,0.0
1910,1.0,20,1,0,0.6,0.0
1911,-37.0,40,1,2,0.3,0.05
1912,1.0,20,1,0,0.6,0.0
1913,8.0,13,1,0,0.9230769230769231,0.0
1914,-37.0,49,1,1,0.24489795918367346,0.02040816326530612
1915,-112.0,115,1,2,0.10434782608695652,0.017391304347826087
1916,-189.0,183,1,3,0.06557377049180328,0.01639344262295082
1917,-3.0,24,1,0,0.5,0.0
1918,-37.0,31,1,3,0.3870967741935484,0.0967741935483871
1919,12.0,9,1,0,1.0,0.0
1920,-168.0,189,1,0,0.06349206349206349,0.0
1921,-89.0,101,1,1,0.1188118811881188,0.009900990099009901
1922,-49.0,70,1,0,0.17142857142857143,0.0
1923,3.0,9,1,1,1.0,0.1111111111111111
1924,-185.0,179,1,3,0.0670391061452514,0.01675977653631285
1925,-181.0,184,1,2,0.06521739130434782,0.010869565217391304
1926,-42.0,45,1,2,0.26666666666666666,0.044444444444444446
1927,-174.0,159,1,4,0.07547169811320754,0.025157232704402517
1928,-32.0,53,1,0,0.22641509433962265,0.0
1929,-46.0,31,1,4,0.3870967741935484,0.12903225806451613
1930,11.0,10,1,0,1.0,0.0
1931,-53.0,65,1,1,0.18461538461538463,0.015384615384615385
1932,-68.0,80,1,1,0.15,0.0125
1933,-25.0,37,1,1,0.32432432432432434,0.02702702702702703
1934,2.0,19,1,0,0.631578947368421,0.0
1935,-380.0,200,0,20,0.06,0.1
1936,-45.0,39,1,3,0.3076923076923077,0.07692307692307693
1937,-227.0,200,0,3,0.06,0.015
1938,-236.0,200,0,4,0.06,0.02
1939,-75.0,78,1,2,0.15384615384615385,0.02564102564102564
1940,-110.0,131,1,0,0.0916030534351145,0.0
1941,-58.0,79,1,0,0.1518987341772152,0.0
1942,4.0,17,1,0,0.7058823529411765,0.0
1943,-54.0,57,1,2,0.21052631578947367,0.03508771929824561
1944,7.0,14,1,0,0.8571428571428571,0.0
1945,-12.0,33,1,0,0.36363636363636365,0.0
1946,-43.0,64,1,0,0.1875,0.0
1947,-470.0,200,0,30,0.06,0.15
1948,-43.0,64,1,0,0.1875,0.0
1949,10.0,11,1,0,1.0,0.0
1950,-22.0,34,1,1,0.35294117647058826,0.029411764705882353
1951,11.0,10,1,0,1.0,0.0
1952,-5.0,17,1,1,0.7058823529411765,0.058823529411764705
1953,-5.0,26,1,0,0.46153846153846156,0.0
1954,-24.0,27,1,2,0.4444444444444444,0.07407407407407407
1955,5.0,16,1,0,0.75,0.0
1956,10.0,11,1,0,1.0,0.0
1957,-29.0,50,1,0,0.24,0.0
1958,-1.0,13,1,1,0.9230769230769231,0.07692307692307693
1959,1.0,20,1,0,0.6,0.0
1960,-55.0,67,1,1,0.1791044776119403,0.014925373134328358
1961,8.0,13,1,0,0.9230769230769231,0.0
1962,-62.0,74,1,1,0.16216216216216217,0.013513513513513514
1963,4.0,17,1,0,0.7058823529411765,0.0
1964,-20.0,23,1,2,0.5217391304347826,0.08695652173913043
1965,11.0,10,1,0,1.0,0.0
1966,-19.0,40,1,0,0.3,0.0
1967,-17.0,29,1,1,0.41379310344827586,0.034482758620689655
1968,13.0,8,1,0,1.0,0.0
1969,-124.0,118,1,3,0.1016949152542373,0.025423728813559324
1970,-62.0,83,1,0,0.14457831325301204,0.0
1971,-231.0,153,1,11,0.0784313725490196,0.0718954248366013
1972,7.0,14,1,0,0.8571428571428571,0.0
1973,-117.0,138,1,0,0.08695652173913043,0.0
1974,-79.0,64,1,4,0.1875,0.0625
1975,-39.0,51,1,1,0.23529411764705882,0.0196078431372549
1976,-36.0,39,1,2,0.3076923076923077,0.05128205128205128
1977,-200.0,200,0,0,0.06,0.0
1978,-1.0,22,1,0,0.5454545454545454,0.0
1979,11.0,10,1,0,1.0,0.0
1980,10.0,11,1,0,1.0,0.0
1981,-43.0,37,1,3,0.32432432432432434,0.08108108108108109
1982,-54.0,66,1,1,0.18181818181818182,0.015151515151515152
1983,13.0,8,1,0,1.0,0.0
1984,14.0,7,1,0,1.0,0.0
1985,12.0,9,1,0,1.0,0.0
1986,-83.0,104,1,0,0.11538461538461539,0.0
1987,10.0,11,1,0,1.0,0.0
1988,4.0,17,1,0,0.7058823529411765,0.0
1989,-88.0,91,1,2,0.13186813186813187,0.02197802197802198
1990,9.0,12,1,0,1.0,0.0
1991,1.0,20,1,0,0.6,0.0
1992,-82.0,76,1,3,0.15789473684210525,0.039473684210526314
1993,6.0,15,1,0,0.8,0.0
1994,-6.0,27,1,0,0.4444444444444444,0.0
1995,-3.0,24,1,0,0.5,0.0
1996,-1.0,22,1,0,0.5454545454545454,0.0
1997,-43.0,55,1,1,0.21818181818181817,0.01818181818181818
1998,-42.0,45,1,2,0.26666666666666666,0.044444444444444446
1999,12.0,9,1,0,1.0,0.0
2000,-21.0,24,1,2,0.5,0.08333333333333333
2001,-27.0,48,1,0,0.25,0.0
2002,-22.0,25,1,2,0.48,0.08
2003,9.0,12,1,0,1.0,0.0
2004,13.0,8,1,0,1.0,0.0
2005,-66.0,69,1,2,0.17391304347826086,0.028985507246376812
2006,-14.0,26,1,1,0.46153846153846156,0.038461538461538464
2007,-11.0,32,1,0,0.375,0.0
2008,-21.0,24,1,2,0.5,0.08333333333333333
2009,5.0,16,1,0,0.75,0.0
2010,8.0,13,1,0,0.9230769230769231,0.0
2011,0.0,21,1,0,0.5714285714285714,0.0
2012,-227.0,200,0,3,0.06,0.015
2013,-55.0,76,1,0,0.15789473684210525,0.0
2014,9.0,12,1,0,1.0,0.0
2015,14.0,7,1,0,1.0,0.0
2016,-6.0,18,1,1,0.6666666666666666,0.05555555555555555
2017,-95.0,107,1,1,0.11214953271028037,0.009345794392523364
2018,-114.0,90,1,5,0.13333333333333333,0.05555555555555555
2019,-22.0,25,1,2,0.48,0.08
2020,-7.0,19,1,1,0.631578947368421,0.05263157894736842
2021,8.0,13,1,0,0.9230769230769231,0.0
2022,-113.0,98,1,4,0.12244897959183673,0.04081632653061224
2023,11.0,10,1,0,1.0,0.0
2024,12.0,9,1,0,1.0,0.0
2025,-128.0,113,1,4,0.10619469026548672,0.035398230088495575
2026,12.0,9,1,0,1.0,0.0
2027,-7.0,28,1,0,0.42857142857142855,0.0
2028,-31.0,52,1,0,0.23076923076923078,0.0
2029,-183.0,141,1,7,0.0851063829787234,0.04964539007092199
2030,-48.0,51,1,2,0.23529411764705882,0.0392156862745098
2031,-26.0,47,1,0,0.2553191489361702,0.0
2032,-113.0,107,1,3,0.11214953271028037,0.028037383177570093
2033,-104.0,62,1,7,0.1935483870967742,0.11290322580645161
2034,10.0,11,1,0,1.0,0.0
2035,-33.0,27,1,3,0.4444444444444444,0.1111111111111111
2036,-35.0,38,1,2,0.3157894736842105,0.05263157894736842
2037,10.0,11,1,0,1.0,0.0
2038,-170.0,173,1,2,0.06936416184971098,0.011560693641618497
2039,-33.0,45,1,1,0.26666666666666666,0.022222222222222223
2040,-20.0,41,1,0,0.2926829268292683,0.0
2041,-14.0,26,1,1,0.46153846153846156,0.038461538461538464
2042,-82.0,94,1,1,0.1276595744680851,0.010638297872340425
2043,12.0,9,1,0,1.0,0.0
2044,-90.0,66,1,5,0.18181818181818182,0.07575757575757576
2045,-120.0,114,1,3,0.10526315789473684,0.02631578947368421
2046,8.0,13,1,0,0.9230769230769231,0.0
2047,-231.0,189,1,7,0.06349206349206349,0.037037037037037035
2048,10.0,11,1,0,1.0,0.0
2049,11.0,10,1,0,1.0,0.0
2050,-10.0,31,1,0,0.3870967741935484,0.0
2051,-90.0,111,1,0,0.10810810810810811,0.0
2052,14.0,7,1,0,1.0,0.0
2053,-3.0,24,1,0,0.5,0.0
2054,-313.0,172,1,18,0.06976744186046512,0.10465116279069768
2055,-2.0,23,1,0,0.5217391304347826,0.0
2056,-39.0,51,1,1,0.23529411764705882,0.0196078431372549
2057,12.0,9,1,0,1.0,0.0
2058,11.0,10,1,0,1.0,0.0
2059,2.0,19,1,0,0.631578947368421,0.0
2060,-96.0,81,1,4,0.14814814814814814,0.04938271604938271
2061,-171.0,165,1,3,0.07272727272727272,0.01818181818181818
2062,-15.0,27,1,1,0.4444444444444444,0.037037037037037035
2063,-209.0,158,1,8,0.0759493670886076,0.05063291139240506
2064,11.0,10,1,0,1.0,0.0
2065,2.0,19,1,0,0.631578947368421,0.0
2066,-2.0,23,1,0,0.5217391304347826,0.0
2067,6.0,15,1,0,0.8,0.0
2068,-79.0,46,1,6,0.2608695652173913,0.13043478260869565
2069,-179.0,137,1,7,0.08759124087591241,0.051094890510948905
2070,9.0,12,1,0,1.0,0.0
2071,10.0,11,1,0,1.0,0.0
2072,-12.0,24,1,1,0.5,0.041666666666666664
2073,-55.0,67,1,1,0.1791044776119403,0.014925373134328358
2074,-265.0,151,1,15,0.07947019867549669,0.09933774834437085
2075,12.0,9,1,0,1.0,0.0
2076,-93.0,87,1,3,0.13793103448275862,0.034482758620689655
2077,-3.0,24,1,0,0.5,0.0
2078,-182.0,176,1,3,0.06818181818181818,0.017045454545454544
2079,8.0,13,1,0,0.9230769230769231,0.0
2080,-32.0,53,1,0,0.22641509433962265,0.0
2081,-58.0,43,1,4,0.27906976744186046,0.09302325581395349
2082,13.0,8,1,0,1.0,0.0
2083,-5.0,26,1,0,0.46153846153846156,0.0
2084,3.0,18,1,0,0.6666666666666666,0.0
2085,-97.0,100,1,2,0.12,0.02
2086,13.0,8,1,0,1.0,0.0
2087,12.0,9,1,0,1.0,0.0
2088,-39.0,33,1,3,0.36363636363636365,0.09090909090909091
2089,14.0,7,1,0,1.0,0.0
2090,-40.0,52,1,1,0.23076923076923078,0.019230769230769232
2091,-19.0,40,1,0,0.3,0.0
2092,-4.0,25,1,0,0.48,0.0
2093,-39.0,42,1,2,0.2857142857142857,0.047619047619047616
2094,-136.0,130,1,3,0.09230769230769231,0.023076923076923078
2095,10.0,11,1,0,1.0,0.0
2096,6.0,15,1,0,0.8,0.0
2097,3.0,18,1,0,0.6666666666666666,0.0
2098,-227.0,200,0,3,0.06,0.015
2099,10.0,11,1,0,1.0,0.0
2100,1.0,11,1,1,1.0,0.09090909090909091
2101,-16.0,28,1,1,0.42857142857142855,0.03571428571428571
2102,2.0,19,1,0,0.631578947368421,0.0
2103,7.0,14,1,0,0.8571428571428571,0.0
2104,-3.0,24,1,0,0.5,0.0
2105,11.0,10,1,0,1.0,0.0
2106,-102.0,114,1,1,0.10526315789473684,0.008771929824561403
2107,12.0,9,1,0,1.0,0.0
2108,-217.0,103,1,15,0.11650485436893204,0.14563106796116504
2109,-8.0,20,1,1,0.6,0.05
2110,11.0,10,1,0,1.0,0.0
2111,-66.0,78,1,1,0.15384615384615385,0.01282051282051282
2112,10.0,11,1,0,1.0,0.0
2113,5.0,16,1,0,0.75,0.0
2114,13.0,8,1,0,1.0,0.0
2115,12.0,9,1,0,1.0,0.0
2116,-16.0,19,1,2,0.631578947368421,0.10526315789473684
2117,-28.0,31,1,2,0.3870967741935484,0.06451612903225806
2118,10.0,11,1,0,1.0,0.0
2119,-23.0,26,1,2,0.46153846153846156,0.07692307692307693
2120,-42.0,45,1,2,0.26666666666666666,0.044444444444444446
2121,10.0,11,1,0,1.0,0.0
2122,-78.0,72,1,3,0.16666666666666666,0.041666666666666664
2123,-61.0,82,1,0,0.14634146341463414,0.0
2124,-46.0,58,1,1,0.20689655172413793,0.017241379310344827
2125,-29.0,32,1,2,0.375,0.0625
2126,-54.0,39,1,4,0.3076923076923077,0.10256410256410256
2127,11.0,10,1,0,1.0,0.0
2128,-95.0,53,1,7,0.22641509433962265,0.1320754716981132
2129,10.0,11,1,0,1.0,0.0
2130,-14.0,26,1,1,0.46153846153846156,0.038461538461538464
2131,-38.0,41,1,2,0.2926829268292683,0.04878048780487805
2132,-63.0,39,1,5,0.3076923076923077,0.1282051282051282
2133,-160.0,109,1,8,0.11009174311926606,0.07339449541284404
2134,13.0,8,1,0,1.0,0.0
2135,11.0,10,1,0,1.0,0.0
2136,3.0,9,1,1,1.0,0.1111111111111111
2137,11.0,10,1,0,1.0,0.0
2138,-10.0,31,1,0,0.3870967741935484,0.0
2139,-65.0,77,1,1,0.15584415584415584,0.012987012987012988
2140,11.0,10,1,0,1.0,0.0
2141,-12.0,33,1,0,0.36363636363636365,0.0
2142,-25.0,46,1,0,0.2608695652173913,0.0
2143,-25.0,37,1,1,0.32432432432432434,0.02702702702702703
2144,-44.0,56,1,1,0.21428571428571427,0.017857142857142856
2145,10.0,11,1,0,1.0,0.0
2146,13.0,8,1,0,1.0,0.0
2147,10.0,11,1,0,1.0,0.0
2148,-129.0,96,1,6,0.125,0.0625
2149,-75.0,96,1,0,0.125,0.0
2150,-74.0,41,1,6,0.2926829268292683,0.14634146341463414
2151,-43.0,55,1,1,0.21818181818181817,0.01818181818181818
2152,-18.0,21,1,2,0.5714285714285714,0.09523809523809523
2153,11.0,10,1,0,1.0,0.0
2154,-117.0,111,1,3,0.10810810810810811,0.02702702702702703
2155,-233.0,164,1,10,0.07317073170731707,0.06097560975609756
2156,-344.0,200,0,16,0.06,0.08
2157,-17.0,38,1,0,0.3157894736842105,0.0
2158,-23.0,44,1,0,0.2727272727272727,0.0
2159,7.0,14,1,0,0.8571428571428571,0.0
2160,-23.0,44,1,0,0.2727272727272727,0.0
2161,7.0,14,1,0,0.8571428571428571,0.0
2162,-66.0,69,1,2,0.17391304347826086,0.028985507246376812
2163,-6.0,27,1,0,0.4444444444444444,0.0
2164,0.0,12,1,1,1.0,0.08333333333333333
2165,-21.0,42,1,0,0.2857142857142857,0.0
2166,15.0,6,1,0,1.0,0.0
2167,7.0,14,1,0,0.8571428571428571,0.0
2168,-59.0,53,1,3,0.22641509433962265,0.05660377358490566
2169,0.0,21,1,0,0.5714285714285714,0.0
2170,5.0,16,1,0,0.75,0.0
2171,-7.0,28,1,0,0.42857142857142855,0.0
2172,-31.0,52,1,0,0.23076923076923078,0.0
2173,-297.0,192,1,14,0.0625,0.07291666666666667
2174,-34.0,55,1,0,0.21818181818181817,0.0
2175,12.0,9,1,0,1.0,0.0
2176,-2.0,23,1,0,0.5217391304347826,0.0
2177,-48.0,69,1,0,0.17391304347826086,0.0
2178,-2.0,23,1,0,0.5217391304347826,0.0
2179,-93.0,78,1,4,0.15384615384615385,0.05128205128205128
2180,8.0,13,1,0,0.9230769230769231,0.0
2181,12.0,9,1,0,1.0,0.0
2182,4.0,17,1,0,0.7058823529411765,0.0
2183,9.0,12,1,0,1.0,0.0
2184,-24.0,36,1,1,0.3333333333333333,0.027777777777777776
2185,13.0,8,1,0,1.0,0.0
2186,-5.0,26,1,0,0.46153846153846156,0.0
2187,9.0,12,1,0,1.0,0.0
2188,12.0,9,1,0,1.0,0.0
2189,-41.0,44,1,2,0.2727272727272727,0.045454545454545456
2190,1.0,20,1,0,0.6,0.0
2191,-2.0,23,1,0,0.5217391304347826,0.0
2192,-282.0,141,1,18,0.0851063829787234,0.1276595744680851
2193,-100.0,76,1,5,0.15789473684210525,0.06578947368421052
2194,-32.0,35,1,2,0.34285714285714286,0.05714285714285714
2195,-98.0,74,1,5,0.16216216216216217,0.06756756756756757
2196,10.0,11,1,0,1.0,0.0
2197,10.0,11,1,0,1.0,0.0
2198,-145.0,130,1,4,0.09230769230769231,0.03076923076923077
2199,-3.0,24,1,0,0.5,0.0
2200,-77.0,62,1,4,0.1935483870967742,0.06451612903225806
2201,6.0,15,1,0,0.8,0.0
2202,-551.0,200,0,39,0.06,0.195
2203,-5.0,26,1,0,0.46153846153846156,0.0
2204,-105.0,72,1,6,0.16666666666666666,0.08333333333333333
2205,-25.0,46,1,0,0.2608695652173913,0.0
2206,-148.0,106,1,7,0.11320754716981132,0.0660377358490566
2207,-1.0,13,1,1,0.9230769230769231,0.07692307692307693
2208,-13.0,34,1,0,0.35294117647058826,0.0
2209,0.0,12,1,1,1.0,0.08333333333333333
2210,-39.0,51,1,1,0.23529411764705882,0.0196078431372549
2211,6.0,15,1,0,0.8,0.0
2212,-42.0,45,1,2,0.26666666666666666,0.044444444444444446
2213,-67.0,61,1,3,0.19672131147540983,0.04918032786885246
2214,5.0,16,1,0,0.75,0.0
2215,9.0,12,1,0,1.0,0.0
2216,-50.0,44,1,3,0.2727272727272727,0.06818181818181818
2217,-1.0,22,1,0,0.5454545454545454,0.0
2218,10.0,11,1,0,1.0,0.0
2219,2.0,19,1,0,0.631578947368421,0.0
2220,-27.0,39,1,1,0.3076923076923077,0.02564102564102564
2221,-3.0,24,1,0,0.5,0.0
2222,10.0,11,1,0,1.0,0.0
2223,-28.0,31,1,2,0.3870967741935484,0.06451612903225806
2224,5.0,7,1,1,1.0,0.14285714285714285
2225,-13.0,34,1,0,0.35294117647058826,0.0
2226,-2.0,23,1,0,0.5217391304347826,0.0
2227,-103.0,115,1,1,0.10434782608695652,0.008695652173913044
2228,-5.0,26,1,0,0.46153846153846156,0.0
2229,-28.0,31,1,2,0.3870967741935484,0.06451612903225806
2230,1.0,20,1,0,0.6,0.0
2231,7.0,14,1,0,0.8571428571428571,0.0
2232,-13.0,25,1,1,0.48,0.04
2233,-40.0,52,1,1,0.23076923076923078,0.019230769230769232
2234,1.0,20,1,0,0.6,0.0
2235,-36.0,30,1,3,0.4,0.1
2236,-317.0,200,0,13,0.06,0.065
2237,12.0,9,1,0,1.0,0.0
2238,-4.0,25,1,0,0.48,0.0
2239,-213.0,108,1,14,0.1111111111111111,0.12962962962962962
2240,6.0,15,1,0,0.8,0.0
2241,-2.0,23,1,0,0.5217391304347826,0.0
2242,-10.0,31,1,0,0.3870967741935484,0.0
2243,9.0,12,1,0,1.0,0.0
2244,-14.0,26,1,1,0.46153846153846156,0.038461538461538464
2245,-109.0,103,1,3,0.11650485436893204,0.02912621359223301
2246,6.0,15,1,0,0.8,0.0
2247,-97.0,100,1,2,0.12,0.02
2248,-52.0,73,1,0,0.1643835616438356,0.0
2249,-145.0,148,1,2,0.08108108108108109,0.013513513513513514
2250,-111.0,96,1,4,0.125,0.041666666666666664
2251,4.0,8,1,1,1.0,0.125
2252,-20.0,23,1,2,0.5217391304347826,0.08695652173913043
2253,11.0,10,1,0,1.0,0.0
2254,1.0,20,1,0,0.6,0.0
2255,-2.0,14,1,1,0.8571428571428571,0.07142857142857142
2256,10.0,11,1,0,1.0,0.0
2257,-29.0,50,1,0,0.24,0.0
2258,-56.0,50,1,3,0.24,0.06
2259,-4.0,16,1,1,0.75,0.0625
2260,9.0,12,1,0,1.0,0.0
2261,-34.0,55,1,0,0.21818181818181817,0.0
2262,-27.0,30,1,2,0.4,0.06666666666666667
2263,-82.0,58,1,5,0.20689655172413793,0.08620689655172414
2264,-343.0,184,1,20,0.06521739130434782,0.10869565217391304
2265,-205.0,100,1,14,0.12,0.14
2266,10.0,11,1,0,1.0,0.0
2267,-12.0,33,1,0,0.36363636363636365,0.0
2268,10.0,11,1,0,1.0,0.0
2269,-127.0,121,1,3,0.09917355371900827,0.024793388429752067
2270,-71.0,92,1,0,0.13043478260869565,0.0
2271,9.0,12,1,0,1.0,0.0
2272,-24.0,36,1,1,0.3333333333333333,0.027777777777777776
2273,-11.0,32,1,0,0.375,0.0
2274,-4.0,25,1,0,0.48,0.0
2275,-17.0,38,1,0,0.3157894736842105,0.0
2276,-132.0,99,1,6,0.12121212121212122,0.06060606060606061
2277,-281.0,200,0,9,0.06,0.045
2278,-156.0,159,1,2,0.07547169811320754,0.012578616352201259
2279,-2.0,23,1,0,0.5217391304347826,0.0
2280,-277.0,163,1,15,0.0736196319018405,0.09202453987730061
2281,1.0,20,1,0,0.6,0.0
2282,-10.0,22,1,1,0.5454545454545454,0.045454545454545456
2283,-50.0,62,1,1,0.1935483870967742,0.016129032258064516
2284,0.0,21,1,0,0.5714285714285714,0.0
2285,-10.0,13,1,2,0.9230769230769231,0.15384615384615385
2286,12.0,9,1,0,1.0,0.0
2287,9.0,12,1,0,1.0,0.0
2288,7.0,14,1,0,0.8571428571428571,0.0
2289,-17.0,29,1,1,0.41379310344827586,0.034482758620689655
2290,-23.0,35,1,1,0.34285714285714286,0.02857142857142857
2291,5.0,16,1,0,0.75,0.0
2292,-62.0,65,1,2,0.18461538461538463,0.03076923076923077
2293,-37.0,40,1,2,0.3,0.05
2294,-24.0,27,1,2,0.4444444444444444,0.07407407407407407
2295,-13.0,25,1,1,0.48,0.04
2296,-180.0,156,1,5,0.07692307692307693,0.03205128205128205
2297,-45.0,30,1,4,0.4,0.13333333333333333
2298,-19.0,40,1,0,0.3,0.0
2299,-112.0,97,1,4,0.12371134020618557,0.041237113402061855
2300,-110.0,68,1,7,0.17647058823529413,0.10294117647058823
2301,-6.0,18,1,1,0.6666666666666666,0.05555555555555555
2302,-77.0,80,1,2,0.15,0.025
2303,-69.0,45,1,5,0.26666666666666666,0.1111111111111111
2304,-34.0,37,1,2,0.32432432432432434,0.05405405405405406
2305,-139.0,115,1,5,0.10434782608695652,0.043478260869565216
2306,8.0,13,1,0,0.9230769230769231,0.0
2307,9.0,12,1,0,1.0,0.0
2308,-8.0,20,1,1,0.6,0.05
2309,-39.0,60,1,0,0.2,0.0
2310,-63.0,75,1,1,0.16,0.013333333333333334
2311,11.0,10,1,0,1.0,0.0
2312,-144.0,156,1,1,0.07692307692307693,0.00641025641025641
2313,-233.0,191,1,7,0.06282722513089005,0.03664921465968586
2314,-1.0,22,1,0,0.5454545454545454,0.0
2315,-17.0,29,1,1,0.41379310344827586,0.034482758620689655
2316,-98.0,65,1,6,0.18461538461538463,0.09230769230769231
2317,4.0,17,1,0,0.7058823529411765,0.0
2318,2.0,19,1,0,0.631578947368421,0.0
2319,10.0,11,1,0,1.0,0.0
2320,13.0,8,1,0,1.0,0.0
2321,-97.0,118,1,0,0.1016949152542373,0.0
2322,12.0,9,1,0,1.0,0.0
2323,11.0,10,1,0,1.0,0.0
2324,-14.0,17,1,2,0.7058823529411765,0.11764705882352941
2325,12.0,9,1,0,1.0,0.0
2326,-50.0,44,1,3,0.2727272727272727,0.06818181818181818
2327,-24.0,36,1,1,0.3333333333333333,0.027777777777777776
2328,-103.0,79,1,5,0.1518987341772152,0.06329113924050633
2329,10.0,11,1,0,1.0,0.0
2330,-88.0,73,1,4,0.1643835616438356,0.0547945205479452
2331,8.0,13,1,0,0.9230769230769231,0.0
2332,-74.0,50,1,5,0.24,0.1
2333,11.0,10,1,0,1.0,0.0
2334,-6.0,27,1,0,0.4444444444444444,0.0
2335,-298.0,184,1,15,0.06521739130434782,0.08152173913043478
2336,10.0,11,1,0,1.0,0.0
2337,8.0,13,1,0,0.9230769230769231,0.0
2338,-22.0,34,1,1,0.35294117647058826,0.029411764705882353
2339,14.0,7,1,0,1.0,0.0
2340,5.0,16,1,0,0.75,0.0
2341,13.0,8,1,0,1.0,0.0
2342,8.0,13,1,0,0.9230769230769231,0.0
2343,-213.0,144,1,10,0.08333333333333333,0.06944444444444445
2344,9.0,12,1,0,1.0,0.0
2345,8.0,13,1,0,0.9230769230769231,0.0
2346,-4.0,25,1,0,0.48,0.0
2347,3.0,18,1,0,0.6666666666666666,0.0
2348,-85.0,88,1,2,0.13636363636363635,0.022727272727272728
2349,-77.0,62,1,4,0.1935483870967742,0.06451612903225806
2350,-39.0,24,1,4,0.5,0.16666666666666666
2351,-48.0,60,1,1,0.2,0.016666666666666666
2352,-33.0,45,1,1,0.26666666666666666,0.022222222222222223
2353,-185.0,125,1,9,0.096,0.072
2354,2.0,19,1,0,0.631578947368421,0.0
2355,11.0,10,1,0,1.0,0.0
2356,-40.0,34,1,3,0.35294117647058826,0.08823529411764706
2357,5.0,16,1,0,0.75,0.0
2358,-71.0,65,1,3,0.18461538461538463,0.046153846153846156
2359,-17.0,20,1,2,0.6,0.1
2360,-66.0,87,1,0,0.13793103448275862,0.0
2361,-31.0,43,1,1,0.27906976744186046,0.023255813953488372
2362,11.0,10,1,0,1.0,0.0
2363,-138.0,132,1,3,0.09090909090909091,0.022727272727272728
2364,8.0,13,1,0,0.9230769230769231,0.0
2365,-157.0,169,1,1,0.07100591715976332,0.005917159763313609
2366,10.0,11,1,0,1.0,0.0
2367,-136.0,103,1,6,0.11650485436893204,0.05825242718446602
2368,-38.0,32,1,3,0.375,0.09375
2369,-37.0,31,1,3,0.3870967741935484,0.0967741935483871
2370,-59.0,71,1,1,0.16901408450704225,0.014084507042253521
2371,-6.0,18,1,1,0.6666666666666666,0.05555555555555555
2372,-254.0,200,0,6,0.06,0.03
2373,-40.0,43,1,2,0.27906976744186046,0.046511627906976744
2374,0.0,12,1,1,1.0,0.08333333333333333
2375,-13.0,34,1,0,0.35294117647058826,0.0
2376,10.0,11,1,0,1.0,0.0
2377,-70.0,55,1,4,0.21818181818181817,0.07272727272727272
2378,11.0,10,1,0,1.0,0.0
2379,-144.0,129,1,4,0.09302325581395349,0.031007751937984496
2380,-191.0,149,1,7,0.08053691275167785,0.04697986577181208
2381,7.0,14,1,0,0.8571428571428571,0.0
2382,9.0,12,1,0,1.0,0.0
2383,11.0,10,1,0,1.0,0.0
2384,-18.0,21,1,2,0.5714285714285714,0.09523809523809523
2385,11.0,10,1,0,1.0,0.0
2386,-34.0,55,1,0,0.21818181818181817,0.0
2387,13.0,8,1,0,1.0,0.0
2388,-24.0,36,1,1,0.3333333333333333,0.027777777777777776
2389,4.0,8,1,1,1.0,0.125
2390,-48.0,33,1,4,0.36363636363636365,0.12121212121212122
2391,-27.0,39,1,1,0.3076923076923077,0.02564102564102564
2392,4.0,17,1,0,0.7058823529411765,0.0
2393,7.0,14,1,0,0.8571428571428571,0.0
2394,-33.0,36,1,2,0.3333333333333333,0.05555555555555555
2395,11.0,10,1,0,1.0,0.0
2396,-121.0,79,1,7,0.1518987341772152,0.08860759493670886
2397,-37.0,49,1,1,0.24489795918367346,0.02040816326530612
2398,-159.0,171,1,1,0.07017543859649122,0.005847953216374269
2399,-41.0,35,1,3,0.34285714285714286,0.08571428571428572
2400,-5.0,26,1,0,0.46153846153846156,0.0
2401,-195.0,108,1,12,0.1111111111111111,0.1111111111111111
2402,12.0,9,1,0,1.0,0.0
2403,-34.0,46,1,1,0.2608695652173913,0.021739130434782608
2404,-285.0,153,1,17,0.0784313725490196,0.1111111111111111
2405,11.0,10,1,0,1.0,0.0
2406,7.0,14,1,0,0.8571428571428571,0.0
2407,11.0,10,1,0,1.0,0.0
2408,10.0,11,1,0,1.0,0.0
2409,-7.0,28,1,0,0.42857142857142855,0.0
2410,-4.0,25,1,0,0.48,0.0
2411,15.0,6,1,0,1.0,0.0
2412,11.0,10,1,0,1.0,0.0
2413,-79.0,55,1,5,0.21818181818181817,0.09090909090909091
2414,10.0,11,1,0,1.0,0.0
2415,-14.0,35,1,0,0.34285714285714286,0.0
2416,-14.0,35,1,0,0.34285714285714286,0.0
2417,-7.0,28,1,0,0.42857142857142855,0.0
2418,-36.0,48,1,1,0.25,0.020833333333333332
2419,-46.0,49,1,2,0.24489795918367346,0.04081632653061224
2420,-9.0,30,1,0,0.4,0.0
2421,2.0,19,1,0,0.631578947368421,0.0
2422,10.0,11,1,0,1.0,0.0
2423,11.0,10,1,0,1.0,0.0
2424,-9.0,30,1,0,0.4,0.0
2425,-118.0,103,1,4,0.11650485436893204,0.038834951456310676
2426,-6.0,27,1,0,0.4444444444444444,0.0
2427,-4.0,25,1,0,0.48,0.0
2428,7.0,14,1,0,0.8571428571428571,0.0
2429,-12.0,24,1,1,0.5,0.041666666666666664
2430,12.0,9,1,0,1.0,0.0
2431,-45.0,48,1,2,0.25,0.041666666666666664
2432,0.0,21,1,0,0.5714285714285714,0.0
2433,-71.0,83,1,1,0.14457831325301204,0.012048192771084338
2434,-2.0,14,1,1,0.8571428571428571,0.07142857142857142
2435,-53.0,56,1,2,0.21428571428571427,0.03571428571428571
2436,-15.0,36,1,0,0.3333333333333333,0.0
2437,10.0,11,1,0,1.0,0.0
2438,-174.0,177,1,2,0.06779661016949153,0.011299435028248588
2439,7.0,14,1,0,0.8571428571428571,0.0
2440,-16.0,28,1,1,0.42857142857142855,0.03571428571428571
2441,-12.0,33,1,0,0.36363636363636365,0.0
2442,5.0,16,1,0,0.75,0.0
2443,-23.0,44,1,0,0.2727272727272727,0.0
2444,-102.0,60,1,7,0.2,0.11666666666666667
2445,-28.0,22,1,3,0.5454545454545454,0.13636363636363635
2446,3.0,18,1,0,0.6666666666666666,0.0
2447,9.0,12,1,0,1.0,0.0
2448,10.0,11,1,0,1.0,0.0
2449,4.0,17,1,0,0.7058823529411765,0.0
2450,11.0,10,1,0,1.0,0.0
2451,-83.0,68,1,4,0.17647058823529413,0.058823529411764705
2452,11.0,10,1,0,1.0,0.0
2453,0.0,21,1,0,0.5714285714285714,0.0
2454,6.0,15,1,0,0.8,0.0
2455,11.0,10,1,0,1.0,0.0
2456,-18.0,39,1,0,0.3076923076923077,0.0
2457,-20.0,23,1,2,0.5217391304347826,0.08695652173913043
2458,-13.0,34,1,0,0.35294117647058826,0.0
2459,-34.0,37,1,2,0.32432432432432434,0.05405405405405406
2460,11.0,10,1,0,1.0,0.0
2461,-49.0,52,1,2,0.23076923076923078,0.038461538461538464
2462,-3.0,24,1,0,0.5,0.0
2463,10.0,11,1,0,1.0,0.0
2464,-86.0,98,1,1,0.12244897959183673,0.01020408163265306
2465,-224.0,146,1,11,0.0821917808219178,0.07534246575342465
2466,12.0,9,1,0,1.0,0.0
2467,10.0,11,1,0,1.0,0.0
2468,7.0,14,1,0,0.8571428571428571,0.0
2469,10.0,11,1,0,1.0,0.0
2470,10.0,11,1,0,1.0,0.0
2471,-139.0,79,1,9,0.1518987341772152,0.11392405063291139
2472,12.0,9,1,0,1.0,0.0
2473,-1.0,22,1,0,0.5454545454545454,0.0
2474,-19.0,31,1,1,0.3870967741935484,0.03225806451612903
2475,-34.0,37,1,2,0.32432432432432434,0.05405405405405406
2476,8.0,13,1,0,0.9230769230769231,0.0
2477,-22.0,43,1,0,0.27906976744186046,0.0
2478,-32.0,35,1,2,0.34285714285714286,0.05714285714285714
2479,8.0,13,1,0,0.9230769230769231,0.0
2480,6.0,15,1,0,0.8,0.0
2481,8.0,13,1,0,0.9230769230769231,0.0
2482,-26.0,47,1,0,0.2553191489361702,0.0
2483,10.0,11,1,0,1.0,0.0
2484,12.0,9,1,0,1.0,0.0
2485,-9.0,21,1,1,0.5714285714285714,0.047619047619047616
2486,10.0,11,1,0,1.0,0.0
2487,8.0,13,1,0,0.9230769230769231,0.0
2488,10.0,11,1,0,1.0,0.0
2489,-50.0,62,1,1,0.1935483870967742,0.016129032258064516
2490,8.0,13,1,0,0.9230769230769231,0.0
2491,-21.0,24,1,2,0.5,0.08333333333333333
2492,-16.0,28,1,1,0.42857142857142855,0.03571428571428571
2493,-32.0,44,1,1,0.2727272727272727,0.022727272727272728
2494,11.0,10,1,0,1.0,0.0
2495,5.0,16,1,0,0.75,0.0
2496,10.0,11,1,0,1.0,0.0
2497,-31.0,43,1,1,0.27906976744186046,0.023255813953488372
2498,8.0,13,1,0,0.9230769230769231,0.0
2499,14.0,7,1,0,1.0,0.0
2500,-24.0,36,1,1,0.3333333333333333,0.027777777777777776
2501,-85.0,88,1,2,0.13636363636363635,0.022727272727272728
2502,-43.0,46,1,2,0.2608695652173913,0.043478260869565216
2503,-9.0,30,1,0,0.4,0.0
2504,10.0,11,1,0,1.0,0.0
2505,0.0,21,1,0,0.5714285714285714,0.0
2506,10.0,11,1,0,1.0,0.0
2507,11.0,10,1,0,1.0,0.0
2508,11.0,10,1,0,1.0,0.0
2509,-48.0,60,1,1,0.2,0.016666666666666666
2510,-106.0,73,1,6,0.1643835616438356,0.0821917808219178
2511,-86.0,71,1,4,0.16901408450704225,0.056338028169014086
2512,-15.0,27,1,1,0.4444444444444444,0.037037037037037035
2513,-8.0,20,1,1,0.6,0.05
2514,11.0,10,1,0,1.0,0.0
2515,14.0,7,1,0,1.0,0.0
2516,-362.0,200,0,18,0.06,0.09
2517,13.0,8,1,0,1.0,0.0
2518,9.0,12,1,0,1.0,0.0
2519,-19.0,40,1,0,0.3,0.0
2520,2.0,19,1,0,0.631578947368421,0.0
2521,-64.0,49,1,4,0.24489795918367346,0.08163265306122448
2522,9.0,12,1,0,1.0,0.0
2523,1.0,20,1,0,0.6,0.0
2524,-44.0,47,1,2,0.2553191489361702,0.0425531914893617
2525,11.0,10,1,0,1.0,0.0
2526,7.0,14,1,0,0.8571428571428571,0.0
2527,9.0,12,1,0,1.0,0.0
2528,-12.0,33,1,0,0.36363636363636365,0.0
2529,-25.0,46,1,0,0.2608695652173913,0.0
2530,-1.0,22,1,0,0.5454545454545454,0.0
2531,-19.0,31,1,1,0.3870967741935484,0.03225806451612903
2532,-18.0,30,1,1,0.4,0.03333333333333333
2533,-98.0,74,1,5,0.16216216216216217,0.06756756756756757
2534,6.0,15,1,0,0.8,0.0
2535,-20.0,41,1,0,0.2926829268292683,0.0
2536,-105.0,117,1,1,0.10256410256410256,0.008547008547008548
2537,-4.0,25,1,0,0.48,0.0
2538,-35.0,47,1,1,0.2553191489361702,0.02127659574468085
2539,-27.0,39,1,1,0.3076923076923077,0.02564102564102564
2540,5.0,16,1,0,0.75,0.0
2541,6.0,15,1,0,0.8,0.0
2542,10.0,11,1,0,1.0,0.0
2543,9.0,12,1,0,1.0,0.0
2544,-3.0,15,1,1,0.8,0.06666666666666667
2545,1.0,20,1,0,0.6,0.0
2546,9.0,12,1,0,1.0,0.0
2547,9.0,12,1,0,1.0,0.0
2548,8.0,13,1,0,0.9230769230769231,0.0
2549,6.0,15,1,0,0.8,0.0
2550,-19.0,22,1,2,0.5454545454545454,0.09090909090909091
2551,-27.0,48,1,0,0.25,0.0
2552,-12.0,24,1,1,0.5,0.041666666666666664
2553,-45.0,57,1,1,0.21052631578947367,0.017543859649122806
2554,5.0,16,1,0,0.75,0.0
2555,-35.0,47,1,1,0.2553191489361702,0.02127659574468085
2556,8.0,13,1,0,0.9230769230769231,0.0
2557,-21.0,42,1,0,0.2857142857142857,0.0
2558,-90.0,111,1,0,0.10810810810810811,0.0
2559,-25.0,28,1,2,0.42857142857142855,0.07142857142857142
2560,-1.0,22,1,0,0.5454545454545454,0.0
2561,11.0,10,1,0,1.0,0.0
2562,-3.0,15,1,1,0.8,0.06666666666666667
2563,-218.0,200,0,2,0.06,0.01
2564,-33.0,54,1,0,0.2222222222222222,0.0
2565,7.0,14,1,0,0.8571428571428571,0.0
2566,-35.0,29,1,3,0.41379310344827586,0.10344827586206896
2567,-3.0,24,1,0,0.5,0.0
2568,-97.0,82,1,4,0.14634146341463414,0.04878048780487805
2569,10.0,11,1,0,1.0,0.0
2570,9.0,12,1,0,1.0,0.0
2571,11.0,10,1,0,1.0,0.0
2572,-54.0,66,1,1,0.18181818181818182,0.015151515151515152
2573,9.0,12,1,0,1.0,0.0
2574,13.0,8,1,0,1.0,0.0
2575,-2.0,23,1,0,0.5217391304347826,0.0
2576,9.0,12,1,0,1.0,0.0
2577,10.0,11,1,0,1.0,0.0
2578,1.0,20,1,0,0.6,0.0
2579,-15.0,27,1,1,0.4444444444444444,0.037037037037037035
2580,10.0,11,1,0,1.0,0.0
2581,-32.0,26,1,3,0.46153846153846156,0.11538461538461539
2582,0.0,21,1,0,0.5714285714285714,0.0
2583,-10.0,22,1,1,0.5454545454545454,0.045454545454545456
2584,9.0,12,1,0,1.0,0.0
2585,-81.0,75,1,3,0.16,0.04
2586,-92.0,77,1,4,0.15584415584415584,0.05194805194805195
2587,-9.0,21,1,1,0.5714285714285714,0.047619047619047616
2588,9.0,12,1,0,1.0,0.0
2589,-47.0,50,1,2,0.24,0.04
2590,11.0,10,1,0,1.0,0.0
2591,9.0,12,1,0,1.0,0.0
2592,-30.0,42,1,1,0.2857142857142857,0.023809523809523808
2593,13.0,8,1,0,1.0,0.0
2594,13.0,8,1,0,1.0,0.0
2595,-36.0,48,1,1,0.25,0.020833333333333332
2596,13.0,8,1,0,1.0,0.0
2597,1.0,20,1,0,0.6,0.0
2598,-80.0,92,1,1,0.13043478260869565,0.010869565217391304
2599,-61.0,82,1,0,0.14634146341463414,0.0
2600,-150.0,153,1,2,0.0784313725490196,0.013071895424836602
2601,1.0,11,1,1,1.0,0.09090909090909091
2602,-21.0,33,1,1,0.36363636363636365,0.030303030303030304
2603,-52.0,73,1,0,0.1643835616438356,0.0
2604,-58.0,79,1,0,0.1518987341772152,0.0
2605,-1.0,22,1,0,0.5454545454545454,0.0
2606,-8.0,20,1,1,0.6,0.05
2607,6.0,15,1,0,0.8,0.0
2608,12.0,9,1,0,1.0,0.0
2609,-5.0,17,1,1,0.7058823529411765,0.058823529411764705
2610,11.0,10,1,0,1.0,0.0
2611,-82.0,76,1,3,0.15789473684210525,0.039473684210526314
2612,9.0,12,1,0,1.0,0.0
2613,8.0,13,1,0,0.9230769230769231,0.0
2614,10.0,11,1,0,1.0,0.0
2615,11.0,10,1,0,1.0,0.0
2616,-23.0,44,1,0,0.2727272727272727,0.0
2617,10.0,11,1,0,1.0,0.0
2618,-44.0,56,1,1,0.21428571428571427,0.017857142857142856
2619,-129.0,114,1,4,0.10526315789473684,0.03508771929824561
2620,-160.0,163,1,2,0.0736196319018405,0.012269938650306749
2621,-22.0,25,1,2,0.48,0.08
2622,-4.0,25,1,0,0.48,0.0
2623,-30.0,42,1,1,0.2857142857142857,0.023809523809523808
2624,10.0,11,1,0,1.0,0.0
2625,11.0,10,1,0,1.0,0.0
2626,-12.0,15,1,2,0.8,0.13333333333333333
2627,10.0,11,1,0,1.0,0.0
2628,-118.0,103,1,4,0.11650485436893204,0.038834951456310676
2629,-15.0,18,1,2,0.6666666666666666,0.1111111111111111
2630,-16.0,37,1,0,0.32432432432432434,0.0
2631,-9.0,30,1,0,0.4,0.0
2632,7.0,14,1,0,0.8571428571428571,0.0
2633,11.0,10,1,0,1.0,0.0
2634,9.0,12,1,0,1.0,0.0
2635,-25.0,37,1,1,0.32432432432432434,0.02702702702702703
2636,10.0,11,1,0,1.0,0.0
2637,-7.0,28,1,0,0.42857142857142855,0.0
2638,10.0,11,1,0,1.0,0.0
2639,1.0,20,1,0,0.6,0.0
2640,10.0,11,1,0,1.0,0.0
2641,-29.0,32,1,2,0.375,0.0625
2642,4.0,17,1,0,0.7058823529411765,0.0
2643,-14.0,26,1,1,0.46153846153846156,0.038461538461538464
2644,-162.0,93,1,10,0.12903225806451613,0.10752688172043011
2645,-5.0,17,1,1,0.7058823529411765,0.058823529411764705
2646,-272.0,140,1,17,0.08571428571428572,0.12142857142857143
2647,-9.0,21,1,1,0.5714285714285714,0.047619047619047616
2648,-34.0,46,1,1,0.2608695652173913,0.021739130434782608
2649,11.0,10,1,0,1.0,0.0
2650,-45.0,39,1,3,0.3076923076923077,0.07692307692307693
2651,8.0,13,1,0,0.9230769230769231,0.0
2652,-27.0,21,1,3,0.5714285714285714,0.14285714285714285
2653,12.0,9,1,0,1.0,0.0
2654,8.0,13,1,0,0.9230769230769231,0.0
2655,-2.0,23,1,0,0.5217391304347826,0.0
2656,6.0,15,1,0,0.8,0.0
2657,8.0,13,1,0,0.9230769230769231,0.0
2658,-42.0,27,1,4,0.4444444444444444,0.14814814814814814
2659,6.0,15,1,0,0.8,0.0
2660,-78.0,54,1,5,0.2222222222222222,0.09259259259259259
2661,-74.0,50,1,5,0.24,0.1
2662,1.0,20,1,0,0.6,0.0
2663,-16.0,37,1,0,0.32432432432432434,0.0
2664,0.0,21,1,0,0.5714285714285714,0.0
2665,8.0,13,1,0,0.9230769230769231,0.0
2666,-175.0,160,1,4,0.075,0.025
2667,-3.0,24,1,0,0.5,0.0
2668,8.0,13,1,0,0.9230769230769231,0.0
2669,-59.0,62,1,2,0.1935483870967742,0.03225806451612903
2670,-48.0,69,1,0,0.17391304347826086,0.0
2671,-32.0,35,1,2,0.34285714285714286,0.05714285714285714
2672,-23.0,44,1,0,0.2727272727272727,0.0
2673,-32.0,35,1,2,0.34285714285714286,0.05714285714285714
2674,12.0,9,1,0,1.0,0.0
2675,11.0,10,1,0,1.0,0.0
2676,-85.0,79,1,3,0.1518987341772152,0.0379746835443038
2677,9.0,12,1,0,1.0,0.0
2678,11.0,10,1,0,1.0,0.0
2679,4.0,17,1,0,0.7058823529411765,0.0
2680,11.0,10,1,0,1.0,0.0
2681,6.0,15,1,0,0.8,0.0
2682,-1.0,22,1,0,0.5454545454545454,0.0
2683,-7.0,28,1,0,0.42857142857142855,0.0
2684,9.0,12,1,0,1.0,0.0
2685,12.0,9,1,0,1.0,0.0
2686,-4.0,25,1,0,0.48,0.0
2687,3.0,18,1,0,0.6666666666666666,0.0
2688,9.0,12,1,0,1.0,0.0
2689,-31.0,52,1,0,0.23076923076923078,0.0
2690,-87.0,81,1,3,0.14814814814814814,0.037037037037037035
2691,-20.0,32,1,1,0.375,0.03125
2692,6.0,15,1,0,0.8,0.0
2693,-38.0,32,1,3,0.375,0.09375
2694,6.0,15,1,0,0.8,0.0
2695,3.0,18,1,0,0.6666666666666666,0.0
2696,-25.0,37,1,1,0.32432432432432434,0.02702702702702703
2697,-7.0,28,1,0,0.42857142857142855,0.0
2698,-25.0,28,1,2,0.42857142857142855,0.07142857142857142
2699,-47.0,59,1,1,0.2033898305084746,0.01694915254237288
2700,8.0,13,1,0,0.9230769230769231,0.0
2701,3.0,18,1,0,0.6666666666666666,0.0
2702,-62.0,47,1,4,0.2553191489361702,0.0851063829787234
2703,5.0,16,1,0,0.75,0.0
2704,-77.0,80,1,2,0.15,0.025
2705,9.0,12,1,0,1.0,0.0
2706,-6.0,18,1,1,0.6666666666666666,0.05555555555555555
2707,7.0,14,1,0,0.8571428571428571,0.0
2708,-34.0,37,1,2,0.32432432432432434,0.05405405405405406
2709,10.0,11,1,0,1.0,0.0
2710,13.0,8,1,0,1.0,0.0
2711,9.0,12,1,0,1.0,0.0
2712,-1.0,13,1,1,0.9230769230769231,0.07692307692307693
2713,-75.0,96,1,0,0.125,0.0
2714,10.0,11,1,0,1.0,0.0
2715,2.0,19,1,0,0.631578947368421,0.0
2716,8.0,13,1,0,0.9230769230769231,0.0
2717,-1.0,22,1,0,0.5454545454545454,0.0
2718,-115.0,127,1,1,0.09448818897637795,0.007874015748031496
2719,-6.0,18,1,1,0.6666666666666666,0.05555555555555555
2720,-6.0,18,1,1,0.6666666666666666,0.05555555555555555
2721,-107.0,119,1,1,0.10084033613445378,0.008403361344537815
2722,-32.0,35,1,2,0.34285714285714286,0.05714285714285714
2723,2.0,19,1,0,0.631578947368421,0.0
2724,-8.0,29,1,0,0.41379310344827586,0.0
2725,8.0,13,1,0,0.9230769230769231,0.0
2726,10.0,11,1,0,1.0,0.0
2727,6.0,15,1,0,0.8,0.0
2728,-214.0,172,1,7,0.06976744186046512,0.040697674418604654
2729,12.0,9,1,0,1.0,0.0
2730,8.0,13,1,0,0.9230769230769231,0.0
2731,2.0,19,1,0,0.631578947368421,0.0
2732,-113.0,89,1,5,0.1348314606741573,0.056179775280898875
2733,13.0,8,1,0,1.0,0.0
2734,-58.0,52,1,3,0.23076923076923078,0.057692307692307696
2735,12.0,9,1,0,1.0,0.0
2736,0.0,21,1,0,0.5714285714285714,0.0
2737,11.0,10,1,0,1.0,0.0
2738,-77.0,89,1,1,0.1348314606741573,0.011235955056179775
2739,15.0,6,1,0,1.0,0.0
2740,4.0,17,1,0,0.7058823529411765,0.0
2741,4.0,17,1,0,0.7058823529411765,0.0
2742,8.0,13,1,0,0.9230769230769231,0.0
2743,11.0,10,1,0,1.0,0.0
2744,-34.0,46,1,1,0.2608695652173913,0.021739130434782608
2745,-16.0,37,1,0,0.32432432432432434,0.0
2746,-83.0,68,1,4,0.17647058823529413,0.058823529411764705
2747,9.0,12,1,0,1.0,0.0
2748,-19.0,40,1,0,0.3,0.0
2749,1.0,11,1,1,1.0,0.09090909090909091
2750,8.0,13,1,0,0.9230769230769231,0.0
2751,9.0,12,1,0,1.0,0.0
2752,10.0,11,1,0,1.0,0.0
2753,-1.0,13,1,1,0.9230769230769231,0.07692307692307693
2754,-389.0,200,0,21,0.06,0.105
2755,14.0,7,1,0,1.0,0.0
2756,-13.0,16,1,2,0.75,0.125
2757,0.0,21,1,0,0.5714285714285714,0.0
2758,-39.0,51,1,1,0.23529411764705882,0.0196078431372549
2759,-11.0,23,1,1,0.5217391304347826,0.043478260869565216
2760,-141.0,108,1,6,0.1111111111111111,0.05555555555555555
2761,-61.0,73,1,1,0.1643835616438356,0.0136986301369863
2762,-2.0,23,1,0,0.5217391304347826,0.0
2763,-12.0,33,1,0,0.36363636363636365,0.0
2764,6.0,15,1,0,0.8,0.0
2765,7.0,14,1,0,0.8571428571428571,0.0
2766,12.0,9,1,0,1.0,0.0
2767,-16.0,28,1,1,0.42857142857142855,0.03571428571428571
2768,-2.0,14,1,1,0.8571428571428571,0.07142857142857142
2769,12.0,9,1,0,1.0,0.0
2770,13.0,8,1,0,1.0,0.0
2771,12.0,9,1,0,1.0,0.0
2772,-7.0,19,1,1,0.631578947368421,0.05263157894736842
2773,10.0,11,1,0,1.0,0.0
2774,-11.0,32,1,0,0.375,0.0
2775,7.0,14,1,0,0.8571428571428571,0.0
2776,9.0,12,1,0,1.0,0.0
2777,-111.0,105,1,3,0.11428571428571428,0.02857142857142857
2778,5.0,16,1,0,0.75,0.0
2779,-248.0,125,1,16,0.096,0.128
2780,4.0,17,1,0,0.7058823529411765,0.0
2781,6.0,15,1,0,0.8,0.0
2782,-75.0,78,1,2,0.15384615384615385,0.02564102564102564
2783,7.0,14,1,0,0.8571428571428571,0.0
2784,12.0,9,1,0,1.0,0.0
2785,-91.0,49,1,7,0.24489795918367346,0.14285714285714285
2786,5.0,16,1,0,0.75,0.0
2787,12.0,9,1,0,1.0,0.0
2788,11.0,10,1,0,1.0,0.0
2789,13.0,8,1,0,1.0,0.0
2790,9.0,12,1,0,1.0,0.0
2791,11.0,10,1,0,1.0,0.0
2792,-8.0,29,1,0,0.41379310344827586,0.0
2793,-8.0,20,1,1,0.6,0.05
2794,-1.0,13,1,1,0.9230769230769231,0.07692307692307693
2795,-80.0,56,1,5,0.21428571428571427,0.08928571428571429
2796,13.0,8,1,0,1.0,0.0
2797,-34.0,28,1,3,0.42857142857142855,0.10714285714285714
2798,-1.0,13,1,1,0.9230769230769231,0.07692307692307693
2799,-25.0,46,1,0,0.2608695652173913,0.0
2800,-10.0,31,1,0,0.3870967741935484,0.0
2801,9.0,12,1,0,1.0,0.0
2802,9.0,12,1,0,1.0,0.0
2803,-4.0,25,1,0,0.48,0.0
2804,6.0,15,1,0,0.8,0.0
2805,8.0,13,1,0,0.9230769230769231,0.0
2806,-2.0,14,1,1,0.8571428571428571,0.07142857142857142
2807,11.0,10,1,0,1.0,0.0
2808,7.0,14,1,0,0.8571428571428571,0.0
2809,8.0,13,1,0,0.9230769230769231,0.0
2810,13.0,8,1,0,1.0,0.0
2811,4.0,17,1,0,0.7058823529411765,0.0
2812,4.0,17,1,0,0.7058823529411765,0.0
2813,0.0,21,1,0,0.5714285714285714,0.0
2814,11.0,10,1,0,1.0,0.0
2815,-34.0,55,1,0,0.21818181818181817,0.0
2816,-16.0,28,1,1,0.42857142857142855,0.03571428571428571
2817,8.0,13,1,0,0.9230769230769231,0.0
2818,8.0,13,1,0,0.9230769230769231,0.0
2819,-2.0,23,1,0,0.5217391304347826,0.0
2820,1.0,20,1,0,0.6,0.0
2821,6.0,15,1,0,0.8,0.0
2822,-77.0,35,1,7,0.34285714285714286,0.2
2823,-70.0,64,1,3,0.1875,0.046875
2824,6.0,15,1,0,0.8,0.0
2825,7.0,14,1,0,0.8571428571428571,0.0
2826,-120.0,69,1,8,0.17391304347826086,0.11594202898550725
2827,6.0,15,1,0,0.8,0.0
2828,-1.0,22,1,0,0.5454545454545454,0.0
2829,14.0,7,1,0,1.0,0.0
2830,-60.0,45,1,4,0.26666666666666666,0.08888888888888889
2831,-3.0,24,1,0,0.5,0.0
2832,10.0,11,1,0,1.0,0.0
2833,-47.0,32,1,4,0.375,0.125
2834,-81.0,57,1,5,0.21052631578947367,0.08771929824561403
2835,3.0,18,1,0,0.6666666666666666,0.0
2836,-17.0,29,1,1,0.41379310344827586,0.034482758620689655
2837,-117.0,84,1,6,0.14285714285714285,0.07142857142857142
2838,8.0,13,1,0,0.9230769230769231,0.0
2839,-8.0,29,1,0,0.41379310344827586,0.0
2840,10.0,11,1,0,1.0,0.0
2841,-21.0,24,1,2,0.5,0.08333333333333333
2842,11.0,10,1,0,1.0,0.0
2843,14.0,7,1,0,1.0,0.0
2844,-3.0,24,1,0,0.5,0.0
2845,-38.0,41,1,2,0.2926829268292683,0.04878048780487805
2846,-5.0,26,1,0,0.46153846153846156,0.0
2847,-3.0,24,1,0,0.5,0.0
2848,-13.0,25,1,1,0.48,0.04
2849,-9.0,30,1,0,0.4,0.0
2850,15.0,6,1,0,1.0,0.0
2851,-53.0,56,1,2,0.21428571428571427,0.03571428571428571
2852,0.0,12,1,1,1.0,0.08333333333333333
2853,11.0,10,1,0,1.0,0.0
2854,11.0,10,1,0,1.0,0.0
2855,-33.0,45,1,1,0.26666666666666666,0.022222222222222223
2856,-4.0,25,1,0,0.48,0.0
2857,-10.0,31,1,0,0.3870967741935484,0.0
2858,-106.0,82,1,5,0.14634146341463414,0.06097560975609756
2859,-356.0,197,1,20,0.06091370558375635,0.10152284263959391
2860,11.0,10,1,0,1.0,0.0
2861,11.0,10,1,0,1.0,0.0
2862,-42.0,54,1,1,0.2222222222222222,0.018518518518518517
2863,8.0,13,1,0,0.9230769230769231,0.0
2864,6.0,15,1,0,0.8,0.0
2865,1.0,11,1,1,1.0,0.09090909090909091
2866,10.0,11,1,0,1.0,0.0
2867,10.0,11,1,0,1.0,0.0
2868,-10.0,31,1,0,0.3870967741935484,0.0
2869,12.0,9,1,0,1.0,0.0
2870,0.0,21,1,0,0.5714285714285714,0.0
2871,9.0,12,1,0,1.0,0.0
2872,-82.0,103,1,0,0.11650485436893204,0.0
2873,8.0,13,1,0,0.9230769230769231,0.0
2874,10.0,11,1,0,1.0,0.0
2875,6.0,15,1,0,0.8,0.0
2876,-58.0,70,1,1,0.17142857142857143,0.014285714285714285
2877,7.0,14,1,0,0.8571428571428571,0.0
2878,-3.0,15,1,1,0.8,0.06666666666666667
2879,-44.0,65,1,0,0.18461538461538463,0.0
2880,5.0,16,1,0,0.75,0.0
2881,13.0,8,1,0,1.0,0.0
2882,-15.0,18,1,2,0.6666666666666666,0.1111111111111111
2883,8.0,13,1,0,0.9230769230769231,0.0
2884,-12.0,33,1,0,0.36363636363636365,0.0
2885,13.0,8,1,0,1.0,0.0
2886,14.0,7,1,0,1.0,0.0
2887,9.0,12,1,0,1.0,0.0
2888,9.0,12,1,0,1.0,0.0
2889,1.0,20,1,0,0.6,0.0
2890,-4.0,25,1,0,0.48,0.0
2891,-3.0,24,1,0,0.5,0.0
2892,-14.0,26,1,1,0.46153846153846156,0.038461538461538464
2893,-26.0,29,1,2,0.41379310344827586,0.06896551724137931
2894,-112.0,70,1,7,0.17142857142857143,0.1
2895,-1.0,22,1,0,0.5454545454545454,0.0
2896,-11.0,23,1,1,0.5217391304347826,0.043478260869565216
2897,-19.0,31,1,1,0.3870967741935484,0.03225806451612903
2898,8.0,13,1,0,0.9230769230769231,0.0
2899,3.0,9,1,1,1.0,0.1111111111111111
2900,1.0,11,1,1,1.0,0.09090909090909091
2901,4.0,17,1,0,0.7058823529411765,0.0
2902,10.0,11,1,0,1.0,0.0
2903,6.0,15,1,0,0.8,0.0
2904,8.0,13,1,0,0.9230769230769231,0.0
2905,2.0,19,1,0,0.631578947368421,0.0
2906,-43.0,55,1,1,0.21818181818181817,0.01818181818181818
2907,11.0,10,1,0,1.0,0.0
2908,9.0,12,1,0,1.0,0.0
2909,-14.0,35,1,0,0.34285714285714286,0.0
2910,7.0,14,1,0,0.8571428571428571,0.0
2911,-89.0,47,1,7,0.2553191489361702,0.14893617021276595
2912,9.0,12,1,0,1.0,0.0
2913,-69.0,81,1,1,0.14814814814814814,0.012345679012345678
2914,-53.0,65,1,1,0.18461538461538463,0.015384615384615385
2915,-16.0,37,1,0,0.32432432432432434,0.0
2916,14.0,7,1,0,1.0,0.0
2917,8.0,13,1,0,0.9230769230769231,0.0
2918,-6.0,27,1,0,0.4444444444444444,0.0
2919,0.0,12,1,1,1.0,0.08333333333333333
2920,8.0,13,1,0,0.9230769230769231,0.0
2921,4.0,17,1,0,0.7058823529411765,0.0
2922,12.0,9,1,0,1.0,0.0
2923,11.0,10,1,0,1.0,0.0
2924,10.0,11,1,0,1.0,0.0
2925,8.0,13,1,0,0.9230769230769231,0.0
2926,14.0,7,1,0,1.0,0.0
2927,1.0,20,1,0,0.6,0.0
2928,11.0,10,1,0,1.0,0.0
2929,-1.0,22,1,0,0.5454545454545454,0.0
2930,-27.0,30,1,2,0.4,0.06666666666666667
2931,-1.0,13,1,1,0.9230769230769231,0.07692307692307693
2932,-89.0,110,1,0,0.10909090909090909,0.0
2933,11.0,10,1,0,1.0,0.0
2934,-11.0,23,1,1,0.5217391304347826,0.043478260869565216
2935,10.0,11,1,0,1.0,0.0
2936,15.0,6,1,0,1.0,0.0
2937,9.0,12,1,0,1.0,0.0
2938,12.0,9,1,0,1.0,0.0
2939,9.0,12,1,0,1.0,0.0
2940,8.0,13,1,0,0.9230769230769231,0.0
2941,9.0,12,1,0,1.0,0.0
2942,8.0,13,1,0,0.9230769230769231,0.0
2943,12.0,9,1,0,1.0,0.0
2944,10.0,11,1,0,1.0,0.0
2945,1.0,20,1,0,0.6,0.0
2946,-28.0,22,1,3,0.5454545454545454,0.13636363636363635
2947,-40.0,61,1,0,0.19672131147540983,0.0
2948,1.0,20,1,0,0.6,0.0
2949,11.0,10,1,0,1.0,0.0
2950,3.0,18,1,0,0.6666666666666666,0.0
2951,8.0,13,1,0,0.9230769230769231,0.0
2952,9.0,12,1,0,1.0,0.0
2953,-10.0,22,1,1,0.5454545454545454,0.045454545454545456
2954,-38.0,32,1,3,0.375,0.09375
2955,11.0,10,1,0,1.0,0.0
2956,-67.0,88,1,0,0.13636363636363635,0.0
2957,-65.0,59,1,3,0.2033898305084746,0.05084745762711865
2958,2.0,19,1,0,0.631578947368421,0.0
2959,5.0,16,1,0,0.75,0.0
2960,-15.0,36,1,0,0.3333333333333333,0.0
2961,10.0,11,1,0,1.0,0.0
2962,-4.0,25,1,0,0.48,0.0
2963,9.0,12,1,0,1.0,0.0
2964,1.0,20,1,0,0.6,0.0
2965,2.0,10,1,1,1.0,0.1
2966,-29.0,41,1,1,0.2926829268292683,0.024390243902439025
2967,-31.0,52,1,0,0.23076923076923078,0.0
2968,-90.0,66,1,5,0.18181818181818182,0.07575757575757576
2969,-8.0,29,1,0,0.41379310344827586,0.0
2970,-88.0,64,1,5,0.1875,0.078125
2971,-83.0,59,1,5,0.2033898305084746,0.0847457627118644
2972,11.0,10,1,0,1.0,0.0
2973,-56.0,68,1,1,0.17647058823529413,0.014705882352941176
2974,12.0,9,1,0,1.0,0.0
2975,3.0,18,1,0,0.6666666666666666,0.0
2976,9.0,12,1,0,1.0,0.0
2977,-42.0,63,1,0,0.19047619047619047,0.0
2978,7.0,14,1,0,0.8571428571428571,0.0
2979,-12.0,33,1,0,0.36363636363636365,0.0
2980,12.0,9,1,0,1.0,0.0
2981,-24.0,45,1,0,0.26666666666666666,0.0
2982,7.0,14,1,0,0.8571428571428571,0.0
2983,5.0,16,1,0,0.75,0.0
2984,8.0,13,1,0,0.9230769230769231,0.0
2985,-86.0,44,1,7,0.2727272727272727,0.1590909090909091
2986,9.0,12,1,0,1.0,0.0
2987,-91.0,67,1,5,0.1791044776119403,0.07462686567164178
2988,10.0,11,1,0,1.0,0.0
2989,8.0,13,1,0,0.9230769230769231,0.0
2990,11.0,10,1,0,1.0,0.0
2991,-11.0,23,1,1,0.5217391304347826,0.043478260869565216
2992,12.0,9,1,0,1.0,0.0
2993,-37.0,49,1,1,0.24489795918367346,0.02040816326530612
2994,-1.0,13,1,1,0.9230769230769231,0.07692307692307693
2995,7.0,14,1,0,0.8571428571428571,0.0
2996,6.0,15,1,0,0.8,0.0
2997,10.0,11,1,0,1.0,0.0
2998,-5.0,26,1,0,0.46153846153846156,0.0
2999,-127.0,130,1,2,0.09230769230769231,0.015384615384615385
